Date,Open,High,Low,Close,Volume,Dividends,Stock Splits
2020-01-02,17.44774656423249,17.44774656423249,16.672291372672543,16.94923973083496,8100,0.0,0.0
2020-01-03,17.060018838442222,17.060018838442222,16.506122109187938,16.561511993408203,3870,0.0,0.0
2020-01-06,16.561511606817916,16.94923973083496,16.339953131582806,16.94923973083496,15040,0.0,0.0
2020-01-07,16.838460828710346,16.838460828710346,16.61690234211038,16.72768211364746,2620,0.0,0.0
2020-01-08,16.616899158169645,17.226185671930665,16.616899158169645,17.004627227783203,11070,0.0,0.0
2020-01-09,17.11540724254703,17.11540724254703,16.45073185880655,16.506120681762695,24940,0.0,0.0
2020-01-10,16.395341979376322,16.7276801994836,16.395341979376322,16.506120681762695,10970,0.0,0.0
2020-01-13,16.506121158907785,16.838459388622017,16.395342453319113,16.672290802001953,4050,0.0,0.0
2020-01-14,16.783068429354795,16.838458306827636,16.39534139999298,16.45073127746582,94910,0.0,0.0
2020-01-15,16.561511039939173,16.727680683033345,16.4507323343505,16.672290802001953,25030,0.0,0.0
2020-01-16,16.06300365521452,16.45073175224036,15.952223897071688,16.395341873168945,28010,0.0,0.0
2020-01-17,16.06300365521452,16.506120574837706,15.786055316331511,16.395341873168945,12900,0.0,0.0
2020-01-21,16.28456199323999,16.28456199323999,15.841445076930707,15.952223777770996,13630,0.0,0.0
2020-01-22,15.896835595673581,15.952224420086925,15.176769257084969,15.287549018859863,36850,0.0,0.0
2020-01-23,15.232157830025155,15.564496030338688,15.010599381974139,15.453716278076172,9390,0.0,0.0
2020-01-24,15.453718085576472,15.453718085576472,15.065991020256298,15.342939376831055,7580,0.0,0.0
2020-01-27,15.23215611775716,15.23215611775716,14.84442808489742,14.955207824707031,6340,0.0,0.0
2020-01-28,15.232156933902349,15.232156933902349,14.567480572378846,14.622870445251465,19210,0.0,0.0
2020-01-29,14.789042573364217,15.121379754045012,14.622872926549686,14.899821281433105,8080,0.0,0.0
2020-01-30,14.678262442046146,15.509107485935552,14.678262442046146,15.287549018859863,9350,0.0,0.0
2020-01-31,15.121377188157114,15.398325496046247,14.622870445251463,14.622870445251465,7860,0.0,0.0
2020-02-03,14.56748058871533,14.95520864278451,14.512091772254552,14.733650207519531,8270,0.0,0.0
2020-02-04,14.844430335328823,15.121378670364615,14.401313421861179,14.678261756896973,12320,0.0,0.0
2020-02-05,14.678264602110655,14.955212990829724,14.678264602110655,14.789044380187988,10970,0.0,0.0
2020-02-06,14.955209107060568,14.955209107060568,14.456702348120015,14.56748104095459,5140,0.0,0.0
2020-02-07,14.622871878595001,14.67826175689697,14.235144843429326,14.678261756896973,11290,0.0,0.0
2020-02-10,14.622873618870916,14.622873618870916,14.01358699798584,14.01358699798584,19870,0.0,0.0
2020-02-11,14.179755981325869,14.899821281433104,13.90280762644245,14.899821281433105,18560,0.0,0.0
2020-02-12,14.955211633648265,15.176770113222295,14.844431865624168,15.065991401672363,12800,0.0,0.0
2020-02-13,14.844432340028822,15.453718970684868,14.844432340028822,15.010601997375488,42230,0.0,0.0
2020-02-14,15.010601517660314,15.287549881246393,14.844431865624168,15.065991401672363,4340,0.0,0.0
2020-02-18,15.065987564516641,15.12137637794755,14.733649401561705,14.955207824707031,2170,0.0,0.0
2020-02-19,15.0106002263884,15.0106002263884,13.958196746588094,14.068975448608398,19350,0.0,0.0
2020-02-20,13.847416751789595,14.78904151350091,13.40429983832195,14.678261756896973,79800,0.0,0.0
2020-02-21,14.678262504896395,14.733652386021015,14.124365806598417,14.235145568847656,6960,0.0,0.0
2020-02-24,13.847418226938075,14.124366591476836,13.45969009399414,13.45969009399414,15930,0.0,0.0
2020-02-25,13.293520608859753,13.570468954877665,12.407285690307617,12.407285690307617,31530,0.0,0.0
2020-02-26,12.407284973343637,12.62884342606023,11.853388313315136,11.908778190612793,13360,0.0,0.0
2020-02-27,11.908779338250183,11.908779338250183,10.80098591143621,10.967154502868652,22200,0.0,0.0
2020-02-28,10.967154301129899,11.410272297588897,10.524037361145018,10.52403736114502,28350,0.0,0.0
2020-03-02,11.188714033410756,11.576441098911163,10.967154502868652,10.967154502868652,27330,0.0,0.0
2020-03-03,11.133325026435301,11.2441037439452,10.745596873965098,10.856376647949219,16570,0.0,0.0
2020-03-04,10.856374472080574,11.022543043278509,10.19169807434082,10.19169807434082,30480,0.0,0.0
2020-03-05,10.191699312630954,10.41325778663886,9.693192481994629,9.693192481994629,17290,0.0,0.0
2020-03-06,9.693192882455774,10.136309848778366,9.305464744567871,9.305464744567871,21690,0.0,0.0
2020-03-09,8.862347194269502,8.917737075528509,7.477605445164892,7.699163913726807,29410,0.0,0.0
2020-03-10,8.031501081306583,8.253059520530591,7.588383674621581,7.588383674621582,17170,0.0,0.0
2020-03-11,7.3668259433132635,7.532995052817795,6.757539384542325,7.034487724304199,30720,0.0,0.0
2020-03-12,7.2006574436354205,7.2006574436354205,5.538967264334938,5.98208475112915,77550,0.0,0.0
2020-03-13,6.369811650919285,6.64675998356795,6.092863318270621,6.591370105743408,42800,0.0,0.0
2020-03-16,6.868319180909452,6.868319180909452,4.431173801422119,4.431173801422119,41800,0.0,0.0
2020-03-17,5.428187895564406,5.538967132568359,4.1542253494262695,4.1542253494262695,82790,0.0,0.0
2020-03-18,5.262019077936809,5.262019077936809,3.323380470275879,3.323380470275879,50710,0.0,0.0
2020-03-19,3.9880555835472262,6.037472984847066,3.9880555835472262,4.708121299743652,59070,0.0,0.0
2020-03-20,4.985070710131644,5.926695071953534,4.929680824279785,4.929680824279785,76520,0.0,0.0
2020-03-23,4.8742903131680935,5.151238620413588,4.4865627886717965,4.541952133178711,19520,0.0,0.0
2020-03-24,4.874290996423199,5.206628694761138,4.818901115915018,5.040460109710693,11430,0.0,0.0
2020-03-25,5.317407873822699,6.092862946646554,5.317407873822699,5.815914630889893,28690,0.0,0.0
2020-03-26,5.815914875696914,7.477604840181747,5.483576671505142,6.314421653747559,33120,0.0,0.0
2020-03-27,6.25903249083834,6.25903249083834,5.538966712558349,5.649745941162109,15890,0.0,0.0
2020-03-30,5.483577040139506,5.649746153406138,4.98507022857666,4.98507022857666,18640,0.0,0.0
2020-03-31,4.985070460327473,5.982084658040383,4.985070460327473,5.705136299133301,28780,0.0,0.0
2020-04-01,5.0404596895167675,5.428187236040287,5.0404596895167675,5.09584903717041,8080,0.0,0.0
2020-04-02,5.040460161229997,5.428187744039138,5.040460161229997,5.151239395141602,7430,0.0,0.0
2020-04-03,5.2066287479788755,5.428187744039138,5.095849514067272,5.151239395141602,8180,0.0,0.0
2020-04-06,5.926694618786888,5.926694618786888,5.262018680572509,5.26201868057251,15360,0.0,0.0
2020-04-07,5.428187797185369,5.705136148794448,5.09584956395965,5.26201868057251,30150,0.0,0.0
2020-04-08,5.206628799438477,5.483577151073226,5.206628799438477,5.206628799438477,12350,0.0,0.0
2020-04-09,5.262018262961835,5.705135696016551,5.262018262961835,5.37279748916626,19010,0.0,0.0
2020-04-13,5.70513587586324,5.760525226593018,5.262018428839846,5.760525226593018,14070,0.0,0.0
2020-04-14,5.538966315133232,5.926693851545159,5.372797220031836,5.815914630889893,29420,0.0,0.0
2020-04-15,5.42818832397461,5.5389675697216205,5.151239945488529,5.428188323974609,13060,0.0,0.0
2020-04-16,5.206628260714701,5.48357658369393,5.0404596895167675,5.09584903717041,11600,0.0,0.0
2020-04-17,5.095849514067272,5.372797862964809,5.095849514067272,5.151239395141602,10750,0.0,0.0
2020-04-20,4.9850698136261204,5.262018136605349,4.9850698136261204,5.09584903717041,14810,0.0,0.0
2020-04-21,5.095849461342064,5.262018574608697,4.929680348075433,4.98507022857666,7610,0.0,0.0
2020-04-22,5.095849909222228,5.151239794591736,4.708122296346956,4.818901538848877,18420,0.0,0.0
2020-04-23,5.04046100674348,5.151240259237779,4.708122721023439,4.76351261138916,18720,0.0,0.0
2020-04-24,4.985071116377759,5.04046100674348,4.708122721023439,4.76351261138916,10080,0.0,0.0
2020-04-27,4.708122292255872,4.98507066238857,4.652732406934494,4.87429141998291,22230,0.0,0.0
2020-04-28,4.985070710131644,4.985070710131644,4.763512223198411,4.929680824279785,9150,0.0,0.0
2020-04-29,4.929680399081339,5.262018629053205,4.929680399081339,5.151239395141602,42710,0.0,0.0
2020-04-30,5.151239945488529,5.42818832397461,4.985070812749458,5.428188323974609,28340,0.0,0.0
2020-05-01,5.372798696396402,5.372798696396402,4.375784644178998,4.4865641593933105,71670,0.0,0.0
2020-05-04,4.486563685234728,4.486563685234728,4.375784181728051,4.431173801422119,15810,0.0,0.0
2020-05-05,4.486563685234728,4.597342924622865,4.375784181728051,4.431173801422119,31160,0.0,0.0
2020-05-06,4.431173383616864,4.708121720092918,4.3757837691453565,4.597342491149902,25140,0.0,0.0
2020-05-07,4.98507066238857,5.040460547709948,4.4865638074445515,4.87429141998291,40120,0.0,0.0
2020-05-08,4.929680961076064,5.538967609405518,4.7635123553835905,5.538967609405518,38810,0.0,0.0
2020-05-11,5.5389670321815885,5.5389670321815885,4.98507032896343,5.26201868057251,20560,0.0,0.0
2020-05-12,5.317408084869385,5.372797433276912,5.206628331580305,5.317408084869385,10050,0.0,0.0
2020-05-13,5.262018136605349,5.262018136605349,5.0404596895167675,5.09584903717041,13010,0.0,0.0
2020-05-14,5.262018574608697,5.262018574608697,4.76351176304585,4.98507022857666,18560,0.0,0.0
2020-05-15,4.929680777067192,4.98507066238857,4.818901534661532,4.87429141998291,9540,0.0,0.0
2020-05-18,4.9850698136261204,5.262018136605349,4.9850698136261204,5.09584903717041,14290,0.0,0.0
2020-05-19,5.151238913061058,5.151238913061058,4.87429059008183,5.09584903717041,7110,0.0,0.0
2020-05-20,4.985070280155668,5.151239395141602,4.985070280155668,5.151239395141602,5810,0.0,0.0
2020-05-21,5.151239342490006,5.151239342490006,4.985070229202512,5.040460109710693,10010,0.0,0.0
2020-05-22,5.151238913061058,5.151238913061058,5.0404596895167675,5.09584903717041,3240,0.0,0.0
2020-05-26,5.151239445576289,5.372797915568729,5.09584956395965,5.26201868057251,24850,0.0,0.0
2020-05-27,5.317408562682024,5.317408562682024,4.9850703294255005,5.206628799438477,16980,0.0,0.0
2020-05-28,5.09584903717041,5.206628260714701,4.9850698136261204,5.09584903717041,14540,0.0,0.0
2020-05-29,4.985070229202512,5.095849461981825,4.985070229202512,5.040460109710693,11590,0.0,0.0
2020-06-01,5.0958495644319886,5.206628799438477,4.9850703294255005,5.206628799438477,15160,0.0,0.0
2020-06-02,5.095849106528236,5.317408084869385,5.040459758120709,5.317408084869385,9480,0.0,0.0
2020-06-03,5.317407504122625,6.092862523031903,5.262017633527552,5.926693439483643,49240,0.0,0.0
2020-06-04,6.480591439457567,7.089878035334914,6.314422319833103,6.923708915710449,36250,0.0,0.0
2020-06-05,6.646760103535724,7.422215237653412,6.203642657652603,6.979098320007324,48850,0.0,0.0
2020-06-08,7.477604737648597,7.6991631852470865,6.979097966433493,7.200656414031982,39870,0.0,0.0
2020-06-09,7.089877357979606,7.31143581082018,6.4805908203125,6.4805908203125,25370,0.0,0.0
2020-06-10,6.535981072333878,6.70215018560891,6.148253493516837,6.259032726287842,20180,0.0,0.0
2020-06-11,5.815914861722197,6.092863188470873,5.206628331580305,5.317408084869385,32050,0.0,0.0
2020-06-12,5.483577722016617,5.815915989875793,5.372798475475929,5.538967609405518,21570,0.0,0.0
2020-06-15,5.538966315133232,5.982083725991288,5.538966315133232,5.815914630889893,15450,0.0,0.0
2020-06-16,5.982084799279095,6.203643280340989,5.815915674364131,6.037474155426025,13300,0.0,0.0
2020-06-17,6.148252821092683,6.148252821092683,5.705135410234627,5.815914630889893,14620,0.0,0.0
2020-06-18,5.649746855946205,5.760526102486892,5.538967609405518,5.538967609405518,14760,0.0,0.0
2020-06-19,5.815915490773345,5.871305373408871,5.483577251434326,5.483577251434326,15820,0.0,0.0
2020-06-22,5.151239945488529,5.64974681546863,5.151239945488529,5.428188323974609,17370,0.0,0.0
2020-06-23,5.37279748916626,5.594356469812126,5.317408140182557,5.37279748916626,7130,0.0,0.0
2020-06-24,5.372797916066738,5.428187797688512,5.151239446053762,5.206628799438477,12990,0.0,0.0
2020-06-25,5.206628799438477,5.428187797688512,5.0958495644319886,5.206628799438477,15100,0.0,0.0
2020-06-26,5.206628694761138,5.3174084557775,4.818901115915018,5.040460109710693,32680,0.0,0.0
2020-06-29,5.040460595983502,5.151239839450119,4.874291466665027,4.929680824279785,15550,0.0,0.0
2020-06-30,4.985069611493278,5.151238704190451,4.652731426098933,4.708121299743652,97640,0.0,0.0
2020-07-01,5.040460109077887,5.372797807374101,4.929680348075433,4.98507022857666,15560,0.0,0.0
2020-07-02,5.09584995359826,5.317408968768594,4.874291466665027,4.929680824279785,16550,0.0,0.0
2020-07-06,5.040460109710693,5.206628694761138,4.985070229202512,5.040460109710693,11560,0.0,0.0
2020-07-07,5.040459403162785,5.095848747669699,4.4865627886717965,4.541952133178711,17130,0.0,0.0
2020-07-08,4.5973430498502115,5.040460547709948,4.5973430498502115,4.87429141998291,11460,0.0,0.0
2020-07-09,4.985071116377759,4.985071116377759,4.76351261138916,4.76351261138916,11290,0.0,0.0
2020-07-10,4.431172915927908,4.818900440424205,4.431172915927908,4.541952133178711,29880,0.0,0.0
2020-07-13,4.48656421603484,4.985071116377759,4.48656421603484,4.76351261138916,10000,0.0,0.0
2020-07-14,4.818900518796106,4.985069611493278,4.652731426098933,4.708121299743652,16220,0.0,0.0
2020-07-15,4.763512177577249,4.98507066238857,4.708122292255872,4.87429141998291,12480,0.0,0.0
2020-07-16,4.985070280155668,5.317408510127534,4.76351181233246,5.151239395141602,40290,0.0,0.0
2020-07-17,5.262018136605349,5.48357658369393,4.9850698136261204,5.09584903717041,19960,0.0,0.0
2020-07-20,5.095849909222228,5.317408922463165,4.818901538848877,4.818901538848877,16280,0.0,0.0
2020-07-21,4.874291466665027,5.317408968768594,4.874291466665027,4.929680824279785,17340,0.0,0.0
2020-07-22,4.929680348075433,5.372797807374101,4.929680348075433,4.98507022857666,11610,0.0,0.0
2020-07-23,4.98507022857666,5.317408455109923,4.98507022857666,4.98507022857666,12260,0.0,0.0
2020-07-24,5.206628331580305,5.372797433276912,5.095849106528236,5.317408084869385,14570,0.0,0.0
2020-07-27,5.428187797185369,5.483577150564949,5.20662879895587,5.26201868057251,9630,0.0,0.0
2020-07-28,5.151239446053762,5.372797916066738,5.151239446053762,5.206628799438477,5760,0.0,0.0
2020-07-29,5.20662879895587,5.372797915568729,5.20662879895587,5.26201868057251,8860,0.0,0.0
2020-07-30,5.206628448146971,5.871304869814265,5.206628448146971,5.594356536865234,21750,0.0,0.0
2020-07-31,5.649746855946205,5.871305877264694,5.538967609405518,5.538967609405518,12600,0.0,0.0
2020-08-03,5.483577418736936,6.369812398521754,5.483577418736936,6.148253917694092,26870,0.0,0.0
2020-08-04,4.985069881476169,5.815914861722197,4.985069881476169,5.317408084869385,24930,0.0,0.0
2020-08-05,5.206628331580305,5.6497457600255885,5.206628331580305,5.317408084869385,11940,0.0,0.0
2020-08-06,5.317408562189149,5.926694618786888,5.262018680572509,5.26201868057251,35480,0.0,0.0
2020-08-07,5.538966459584578,5.538966459584578,5.0404596895167675,5.09584903717041,21040,0.0,0.0
2020-08-10,5.040460210580069,5.372797915568729,5.040460210580069,5.26201868057251,19250,0.0,0.0
2020-08-11,5.262018208224845,5.483576658328981,5.095849106528236,5.317408084869385,19870,0.0,0.0
2020-08-12,5.317408084869385,5.594356411618061,5.262018208224845,5.317408084869385,14500,0.0,0.0
2020-08-13,5.317408084869385,5.594356411618061,5.262018208224845,5.317408084869385,29630,0.0,0.0
2020-08-14,5.317408562189149,5.317408562189149,5.040460210580069,5.26201868057251,9780,0.0,0.0
2020-08-17,5.372798436982549,5.42818832397461,5.151239945488529,5.428188323974609,22090,0.0,0.0
2020-08-18,5.428187431448411,6.037473446994064,5.317408203916203,5.594356536865234,66940,0.0,0.0
2020-08-19,5.7051362537393615,5.982084610442854,5.483577251434326,5.483577251434326,22570,0.0,0.0
2020-08-20,5.483577151073226,5.538967032695,5.151239446053762,5.206628799438477,21680,0.0,0.0
2020-08-21,5.206629197064877,5.317408968768594,4.8189015808131686,4.929680824279785,46260,0.0,0.0
2020-08-24,4.9296803486943315,5.151239342490006,4.763511763643887,5.040460109710693,13260,0.0,0.0
2020-08-25,5.040460547709948,5.095849904794231,4.87429141998291,4.87429141998291,11530,0.0,0.0
2020-08-26,4.874291424218385,4.985070666720306,4.818901538848877,4.818901538848877,7530,0.0,0.0
2020-08-27,4.818901538848877,5.095849909222228,4.818901538848877,4.818901538848877,7400,0.0,0.0
2020-08-28,4.929680399081339,5.2066287479788755,4.818901165169735,5.151239395141602,14680,0.0,0.0
2020-08-31,5.0404596895167675,5.09584903717041,4.818900714191182,5.09584903717041,19780,0.0,0.0
2020-09-01,5.151239839450119,5.151239839450119,4.8189015808131686,4.929680824279785,25810,0.0,0.0
2020-09-02,4.818901538848877,4.985070666720306,4.818901538848877,4.818901538848877,10250,0.0,0.0
2020-09-03,4.818901538848877,4.929680781350798,4.708122296346956,4.818901538848877,14720,0.0,0.0
2020-09-04,4.76351261138916,4.985071116377759,4.652732830657717,4.76351261138916,16780,0.0,0.0
2020-09-08,4.763512223198411,4.985070710131644,4.652732451494694,4.929680824279785,11870,0.0,0.0
2020-09-09,4.98507066238857,4.98507066238857,4.708122292255872,4.87429141998291,5500,0.0,0.0
2020-09-10,4.763512177577249,4.929680777067192,4.763512177577249,4.87429141998291,10660,0.0,0.0
2020-09-11,4.708122257192805,4.708122257192805,4.597343015612157,4.6527323722839355,9610,0.0,0.0
2020-09-14,4.763511173388371,4.763511173388371,4.652731426098933,4.708121299743652,1930,0.0,0.0
2020-09-15,4.708121299743652,4.763511173388371,4.541952207046479,4.708121299743652,4760,0.0,0.0
2020-09-16,4.708122257192805,4.763512142101674,4.597343015612157,4.6527323722839355,3900,0.0,0.0
2020-09-17,4.708122721023439,4.76351261138916,4.597343468529139,4.76351261138916,5180,0.0,0.0
2020-09-18,4.76351261138916,4.76351261138916,4.652732830657717,4.76351261138916,3070,0.0,0.0
2020-09-21,4.763511173388371,4.763511173388371,4.541952207046479,4.708121299743652,11190,0.0,0.0
2020-09-22,4.763512142101674,4.763512142101674,4.541953130703288,4.6527323722839355,5420,0.0,0.0
2020-09-23,4.4865627886717965,4.652731350429513,4.431172915927908,4.541952133178711,14340,0.0,0.0
2020-09-24,4.486564132598139,4.486564132598139,4.2096154782756665,4.320394992828369,17120,0.0,0.0
2020-09-25,4.209614807015447,4.431173536672791,4.209614807015447,4.375783920288086,14850,0.0,0.0
2020-09-28,4.265003825933216,4.5973420059226,4.265003825933216,4.541952133178711,13660,0.0,0.0
2020-09-29,4.43117426972687,4.597343410489055,4.375784644178998,4.4865641593933105,8380,0.0,0.0
2020-09-30,4.375784304722645,4.818901538848877,4.375784304722645,4.818901538848877,23890,0.0,0.0
2020-10-01,4.76351255125124,4.76351255125124,4.375784644178998,4.4865641593933105,12630,0.0,0.0
2020-10-02,4.652731350429513,4.652731350429513,4.431172915927908,4.541952133178711,3950,0.0,0.0
2020-10-05,4.708122164011002,4.708122164011002,4.375784181728051,4.431173801422119,7960,0.0,0.0
2020-10-06,4.375784644178998,4.541953520822614,4.3203950186311255,4.4865641593933105,11370,0.0,0.0
2020-10-07,4.431173801422119,4.431173801422119,4.375784181728051,4.431173801422119,9290,0.0,0.0
2020-10-08,4.375783307302506,4.541952133178711,4.320393698677105,4.541952133178711,13980,0.0,0.0
2020-10-09,4.43117426972687,4.597343410489055,4.43117426972687,4.4865641593933105,9040,0.0,0.0
2020-10-12,4.3757846180454365,4.54195349369664,4.265005103492734,4.320394992828369,21920,0.0,0.0
2020-10-13,4.320394562033982,4.431173801422119,4.209615058527305,4.431173801422119,16040,0.0,0.0
2020-10-14,4.2096154782756665,4.3757846180454365,4.2096154782756665,4.320394992828369,11720,0.0,0.0
2020-10-15,4.3203937598231255,4.3203937598231255,4.1542246674766625,4.209614276885986,9790,0.0,0.0
2020-10-16,4.154225853058598,4.3757846180454365,4.154225853058598,4.320394992828369,11280,0.0,0.0
2020-10-19,4.431173536672791,4.431173536672791,4.209614807015447,4.375783920288086,9940,0.0,0.0
2020-10-20,4.26500388629531,4.375783369232449,4.1542246674766625,4.209614276885986,20040,0.0,0.0
2020-10-21,4.1542253494262695,4.209614967928246,4.098835730924293,4.1542253494262695,14770,0.0,0.0
2020-10-22,4.1542253494262695,4.209614967928246,4.098835730924293,4.1542253494262695,8020,0.0,0.0
2020-10-23,4.098835058067339,4.3203937598231255,4.098835058067339,4.209614276885986,7040,0.0,0.0
2020-10-26,4.209614698198033,4.265004313150931,4.043445853339338,4.098835468292236,5780,0.0,0.0
2020-10-27,4.154226281666101,4.154226281666101,3.93266749382019,3.9326674938201904,14490,0.0,0.0
2020-10-28,3.9326674711060345,3.988057101717946,3.6557190539278825,3.711108684539795,20080,0.0,0.0
2020-10-29,3.7111086845397945,3.8218882098822107,3.489550162092147,3.711108684539795,8390,0.0,0.0
2020-10-30,3.655717818915613,3.8218869187329836,3.5449385951163688,3.600328207015991,10900,0.0,0.0
2020-11-02,3.8218882098822107,3.8772778404941226,3.6557190539278825,3.711108684539795,14430,0.0,0.0
2020-11-03,3.267990271499754,3.8218869187329836,3.1572107835820065,3.600328207015991,50900,0.0,0.0
2020-11-04,3.6557179713162964,3.6557179713162964,3.3233800219454537,3.378769636154175,11730,0.0,0.0
2020-11-05,3.3787699829264555,3.877277090205106,3.2679907431394404,3.766497850418091,35750,0.0,0.0
2020-11-06,3.766497306833361,3.766497306833361,3.5449385951163688,3.600328207015991,11360,0.0,0.0
2020-11-09,3.766497306833361,3.8772765306326056,3.5449385951163688,3.600328207015991,20980,0.0,0.0
2020-11-10,3.821887045278231,4.043445764331182,3.544938712491671,3.877276659011841,42820,0.0,0.0
2020-11-11,3.821887045278231,4.154224991798401,3.821887045278231,3.877276659011841,75530,0.0,0.0
2020-11-12,3.877277090205106,4.04344621400417,3.766497850418091,3.766497850418091,24860,0.0,0.0
2020-11-13,3.8772767443621254,4.154225083245135,3.8772767443621254,4.098835468292236,49780,0.0,0.0
2020-11-16,4.098835730924293,4.209614967928246,3.9880562298018054,4.1542253494262695,51020,0.0,0.0
2020-11-17,4.043445448658014,4.375783369232449,4.043445448658014,4.209614276885986,38070,0.0,0.0
2020-11-18,4.320393698677105,4.652731350429513,4.320393698677105,4.541952133178711,61250,0.0,0.0
2020-11-19,4.652732744130777,4.652732744130777,4.2096154782756665,4.320394992828369,74880,0.0,0.0
2020-11-20,4.431172915927908,4.5973420059226,4.209614217307815,4.541952133178711,112980,0.0,0.0
2020-11-23,4.597342080691198,5.095848830545733,4.597342080691198,4.708121299743652,133620,0.0,0.0
2020-11-24,4.708122292255872,5.234324089860579,4.636115652632919,4.87429141998291,171300,0.0,0.1
2020-11-25,4.924141934177934,5.173395347631271,4.741356062429682,4.979531288146973,191700,0.0,0.0
2020-11-27,5.062615972417471,5.15123935892365,4.907524517794607,4.946297645568848,92700,0.0,0.0
2020-11-30,4.735816532232035,5.045998364944148,4.735816532232035,4.996148109436035,142000,0.0,0.0
2020-12-01,4.985069906382061,5.760525013857798,4.9352191228003175,5.655284881591797,258400,0.0,0.0
2020-12-02,5.577740105222681,6.358734438450977,5.577740105222681,6.159331798553467,137900,0.0,0.0
2020-12-03,6.159330533155482,6.452895602530443,6.153791440014805,6.264571189880371,70400,0.0,0.0
2020-12-04,6.164869826780783,6.580292317575415,6.164869826780783,6.4639739990234375,95900,0.0,0.0
2020-12-07,6.336577869687517,6.419662689716874,6.0928635597229,6.0928635597229,168500,0.0,0.0
2020-12-08,6.0928643594504965,6.259033493082933,6.0928643594504965,6.098403453826904,69600,0.0,0.0
2020-12-09,6.092863680414547,6.990176268141697,6.092863680414547,6.66891622543335,129000,0.0,0.0
2020-12-10,6.6799949115793416,8.374918638835753,6.663377629061681,8.031502723693848,152800,0.0,0.0
2020-12-11,7.948418276093783,8.640789187661635,7.904106580012407,8.280755996704102,93500,0.0,0.0
2020-12-14,8.308450206605919,8.507852821399126,7.8597936630249015,7.859793663024902,42300,0.0,0.0
2020-12-15,7.915182499943173,8.524468979480082,7.881948471069336,7.881948471069336,61700,0.0,0.0
2020-12-16,7.815484047265891,7.998269958114807,7.6548539883914755,7.6659321784973145,55800,0.0,0.0
2020-12-17,7.665929983854867,8.064735733460845,7.621618292591651,8.014884948730469,42100,0.0,0.0
2020-12-18,8.086891231036702,8.374917211851118,8.059196293129911,8.142280578613281,49500,0.0,0.0
2020-12-21,7.976111329830575,8.502313555480525,7.976111329830575,8.147819519042969,37400,0.0,0.0
2020-12-22,8.1588977946847,8.391534441170421,8.092430256865498,8.236443519592285,35600,0.0,0.0
2020-12-23,8.302912250366099,8.402613835538448,8.297373156026055,8.31952953338623,28200,0.0,0.0
2020-12-24,8.264138666748567,8.452463626087303,8.264138666748567,8.397073745727539,12700,0.0,0.0
2020-12-28,8.369378434312514,9.15591227064295,8.369378434312514,8.712794303894043,87500,0.0,0.0
2020-12-29,8.840191729800834,8.840191729800834,8.164437579101278,8.657405853271484,77300,0.0,0.0
2020-12-30,8.613092785758994,8.87342435229252,8.441384596367861,8.80695629119873,30200,0.0,0.0
2020-12-31,8.812496507971687,9.017438754040992,8.646327390523718,8.873425483703613,74200,0.0,0.0
2021-01-04,9.017439506101265,9.061751204018073,8.369379735534457,8.435847282409668,25600,0.0,0.0
2021-01-05,8.424768580702102,9.078366308305364,8.419229487087886,8.89004135131836,20400,0.0,0.0
2021-01-06,8.862347179338437,10.19723813870836,8.829113144991613,10.042146682739258,73500,0.0,0.0
2021-01-07,10.158464302116409,10.380022743331939,9.859359614119956,9.936905860900879,44600,0.0,0.0
2021-01-08,9.975680777349007,10.014453381524682,9.443939338223984,9.65995979309082,14000,0.0,0.0
2021-01-11,9.549179683696217,9.74858284843677,9.521485269248558,9.637803077697754,17200,0.0,0.0
2021-01-12,9.648881257682179,10.080921095419896,9.637803069323065,9.74858283996582,20900,0.0,0.0
2021-01-13,9.715349259008995,9.909212271478765,9.222380445441658,9.305464744567871,14600,0.0,0.0
2021-01-14,9.349775325666263,9.826126799984571,9.349775325666263,9.571334838867188,36300,0.0,0.0
2021-01-15,9.504865820801568,9.65995725320034,9.316540887343756,9.421781539916992,24400,0.0,0.0
2021-01-19,9.565796585638145,9.826127663100134,9.344238109449838,9.3885498046875,13800,0.0,0.0
2021-01-20,9.349776597079238,9.549179763485936,9.33316037086148,9.482712745666504,21000,0.0,0.0
2021-01-21,9.443938829832922,9.443938829832922,8.535548530134976,8.596477508544922,70400,0.0,0.0
2021-01-22,8.458002563538354,9.028515468225601,8.413690343126829,8.834651947021484,12900,0.0,0.0
2021-01-25,8.768185444741563,8.8568088395616,8.568782806396484,8.568782806396484,17200,0.0,0.0
2021-01-26,8.568781063243227,8.574319628114939,8.169975339445301,8.374917030334473,47600,0.0,0.0
2021-01-27,8.142281362105136,8.552164792208304,8.142281362105136,8.186593055725098,26700,0.0,0.0
2021-01-28,8.175516095704753,8.568782806396484,8.175516095704753,8.568782806396484,22000,0.0,0.0
2021-01-29,8.535548492582922,8.912198436597931,8.485697702553043,8.674022674560547,29300,0.0,0.0
2021-02-01,8.723873168526243,9.959062576293945,8.723873168526243,9.959062576293945,37900,0.0,0.0
2021-02-02,10.025529192979064,10.69574360674658,9.538099567989981,10.391100883483887,29400,0.0,0.0
2021-02-03,10.407719680841902,11.759226891650018,10.274783540836191,11.343804359436035,42700,0.0,0.0
2021-02-04,11.498894942701918,12.185726683542905,11.476738568897023,12.014019012451172,23900,0.0,0.0
2021-02-05,11.914316499005183,12.246654684420712,11.47673765930538,11.526588439941406,28900,0.0,0.0
2021-02-08,11.864466893528201,11.975246651797281,11.554285049438477,11.554285049438477,38000,0.0,0.0
2021-02-09,11.714913545211989,11.93647198652252,11.526588605979539,11.631829261779785,33100,0.0,0.0
2021-02-10,11.731532106354587,12.457136477108769,11.55982442763623,12.407285690307617,39600,0.0,0.0
2021-02-11,12.429442836980368,12.590072338279516,11.908779618320118,11.9641695022583,30200,0.0,0.0
2021-02-12,11.925396056770131,12.346357665855148,11.908778775822032,12.1857271194458,45400,0.0,0.0
2021-02-16,12.44051999820957,12.728546550194578,12.374052982504825,12.412825584411621,31100,0.0,0.0
2021-02-17,12.318662420158647,12.623306237532976,11.914318084716799,11.914318084716797,20100,0.0,0.0
2021-02-18,11.99186286040835,12.750701773674185,11.99186286040835,12.457136154174805,56900,0.0,0.0
2021-02-19,12.573454495790667,13.393221291943401,12.573454495790667,12.739623069763184,68600,0.0,0.0
2021-02-22,13.071963394379964,13.537236744736523,12.717468759148082,13.293521881103516,71400,0.0,0.0
2021-02-23,13.23813222845984,13.509541511535645,12.900255926433422,13.509541511535645,64300,0.0,0.0
2021-02-24,13.26582960542321,15.53126774245844,13.26582960542321,14.84443473815918,93100,0.0,0.0
2021-02-25,15.01059901949674,15.42602149573849,13.969272754091984,14.152058601379395,31000,0.0,0.0
2021-02-26,14.345921821184238,14.66164271618366,13.38768095056081,14.334843635559082,39600,0.0,0.0
2021-03-01,14.484397079605381,14.888741377575792,13.348909378051758,13.348909378051758,42500,0.0,0.0
2021-03-02,13.559393047879574,14.157601533625018,13.559393047879574,14.113289833068848,23700,0.0,0.0
2021-03-03,13.991432343912196,14.362543216950288,13.985893249511719,13.985893249511719,17700,0.0,0.0
2021-03-04,14.074516498560977,14.168678989427715,12.922411287266064,13.43199634552002,51600,0.0,0.0
2021-03-05,13.636935919730673,14.401312828063965,12.80609094888083,14.401312828063965,42100,0.0,0.0
2021-03-08,14.401313632260718,15.381711006164553,14.401313632260718,15.38171100616455,28000,0.0,0.0
2021-03-09,15.53126513310504,15.730667241569888,14.689341832778192,14.717036247253418,34700,0.0,0.0
2021-03-10,14.982903156909723,15.398325622145379,14.960747841463615,15.221078872680664,19900,0.0,0.0
2021-03-11,15.536799740512318,16.02976844982943,15.243235208582783,15.675273895263672,40200,0.0,0.0
2021-03-12,16.00207575995024,16.688907559845106,15.97992044071448,16.50058364868164,53900,0.0,0.0
2021-03-15,16.92154295344633,21.258554921323018,16.92154295344633,19.857194900512695,371300,0.0,0.0
2021-03-16,20.74896959471183,20.74896959471183,19.702105183919723,19.901508331298828,134000,0.0,0.0
2021-03-17,20.305850340725904,20.305850340725904,19.081739297375453,19.807342529296875,52000,0.0,0.0
2021-03-18,19.740876891816818,20.217228363943065,19.109435028932484,19.37530517578125,39000,0.0,0.0
2021-03-19,19.391923112965877,20.206151962280277,19.020813327164365,20.206151962280273,35500,0.0,0.0
2021-03-22,20.222770961846507,20.848674928915674,20.06768053611023,20.433252334594727,112000,0.0,0.0
2021-03-23,20.355705611845718,20.48864176186528,19.308841089879685,19.330997467041016,59300,0.0,0.0
2021-03-24,19.596864966850855,19.918123939842832,19.05958451558115,19.4417724609375,63800,0.0,0.0
2021-03-25,19.391923062097884,19.50824297808645,18.760481145081165,19.048507690429688,42100,0.0,0.0
2021-03-26,19.397460621861292,19.397460621861292,18.83248579447333,19.14820671081543,46000,0.0,0.0
2021-03-29,19.380846109352316,21.036996028906955,19.048506827642473,20.355703353881836,132100,0.0,0.0
2021-03-30,20.056600547917373,21.923234092312132,20.056600547917373,21.43580436706543,86200,0.0,0.0
2021-03-31,21.939850934762276,22.643300071370795,21.43026481838315,22.349733352661133,94300,0.0,0.0
2021-04-01,22.643296496844656,24.925350189208984,22.626678159913798,24.925350189208984,145700,0.0,0.0
2021-04-05,25.479248656051563,27.38465257749491,24.00034545479591,25.678651809692383,142600,0.0,0.0
2021-04-06,25.41278062282817,27.639445560894476,25.41278062282817,27.6339054107666,90600,0.0,0.0
2021-04-07,27.417885954592506,27.417885954592506,25.67311054866644,26.177156448364258,73900,0.0,0.0
2021-04-08,26.39318210192539,26.470727312142078,25.229997609829603,26.310096740722656,36800,0.0,0.0
2021-04-09,26.010987193053907,26.670125584590963,25.73403885723447,26.614734649658203,27500,0.0,0.0
2021-04-12,26.68674281154328,26.68674281154328,24.648402814271073,24.997358322143555,60600,0.0,0.0
2021-04-13,24.6428669603666,24.925353368849606,23.324592123899674,23.645851135253906,94600,0.0,0.0
2021-04-14,23.82863893122617,25.479251026799822,23.82863893122617,25.17460823059082,36400,0.0,0.0
2021-04-15,25.196761913841247,25.88913279162054,24.653941286267834,25.584487915039062,24700,0.0,0.0
2021-04-16,25.922360151672642,25.922360151672642,24.64286037305015,25.590023040771484,24400,0.0,0.0
2021-04-19,25.590027628573296,25.590027628573296,24.703791652372043,24.73702621459961,36600,0.0,0.0
2021-04-20,25.00843335555117,25.47924463958166,23.263658149183254,23.50737190246582,70200,0.0,0.0
2021-04-21,23.523997756141476,24.964128589982394,23.269203622473857,24.809038162231445,37900,0.0,0.0
2021-04-22,24.925350929010335,26.022066116333008,24.825649356258438,26.022066116333008,32500,0.0,0.0
2021-04-23,25.811580979148047,27.052310305550968,25.811580979148047,26.099607467651367,48000,0.0,0.0
2021-04-26,26.310097315314547,29.284522462283462,26.310097315314547,29.19036102294922,98600,0.0,0.0
2021-04-27,29.699937789830546,32.79622014873002,29.583620000404956,32.59681701660156,127300,0.0,0.0
2021-04-28,33.1784171023609,34.88441804155957,31.821369604143584,32.47496795654297,173700,0.0,0.0
2021-04-29,32.6079011966337,32.6079011966337,31.018218110115818,31.727205276489258,53000,0.0,0.0
2021-04-30,31.64411607186629,32.89038352907865,31.018212268396415,31.02375030517578,37900,0.0,0.0
2021-05-03,31.30070259101534,33.17287408867534,31.01821619465413,32.247867584228516,78200,0.0,0.0
2021-05-04,30.564019818216487,32.3198713282475,26.31009302892497,30.874202728271484,189400,0.0,0.0
2021-05-05,31.00159919016198,32.23678858617512,30.602792887252537,31.383787155151367,52400,0.0,0.0
2021-05-06,31.3893195193372,31.815820157765394,29.439605333590965,30.09874153137207,37000,0.0,0.0
2021-05-07,30.098752264804453,32.07062563793964,30.082136036910313,32.020774841308594,26300,0.0,0.0
2021-05-10,31.743821990572204,32.402958331003006,29.46730611847616,29.506078720092773,44200,0.0,0.0
2021-05-11,28.819240539907,30.403385215435982,28.259805881900633,29.572540283203125,52000,0.0,0.0
2021-05-12,29.0518824036003,31.93768371004974,29.007569653284467,29.029726028442383,23300,0.0,0.0
2021-05-13,29.040808616509462,30.08213516429089,27.921936856873305,28.226579666137695,32900,0.0,0.0
2021-05-14,28.39274180012521,29.661165655872882,28.29304234545437,29.339906692504883,28400,0.0,0.0
2021-05-17,29.749789764327236,32.95685200428914,29.378680008073868,32.84053421020508,53900,0.0,0.0
2021-05-18,33.23380385038716,34.308362747554945,31.311781518229637,31.732744216918945,43000,0.0,0.0
2021-05-19,31.090225179034395,32.07616071820513,30.342463298527022,30.984983444213867,23800,0.0,0.0
2021-05-20,31.212076548956773,33.63260652125323,30.88527742872385,33.593833923339844,48000,0.0,0.0
2021-05-21,33.394436169304996,33.78216432391556,32.34203148006897,33.4221305847168,82100,0.0,0.0
2021-05-24,33.61598676292768,36.889515863850704,33.510747160605256,34.779170989990234,230000,0.0,0.0
2021-05-25,34.37483194967628,36.540568087347324,33.70461529809418,33.78770065307617,50400,0.0,0.0
2021-05-26,33.47197656670238,35.82603745847936,33.47197656670238,35.33860778808594,42400,0.0,0.0
2021-05-27,35.44938290074821,35.726331204660305,32.823912049964484,32.879302978515625,102000,0.0,0.0
2021-05-28,33.172870413589095,34.175424122330305,32.17585685466277,32.95131301879883,58800,0.0,0.0
2021-06-01,33.37227618593754,36.219304886798916,33.37227618593754,34.0868034362793,57500,0.0,0.0
2021-06-02,33.76000472653698,36.086371319374024,33.638146774809144,34.89549255371094,63700,0.0,0.0
2021-06-03,34.88995901422934,35.72634222023041,34.51330903573987,34.757022857666016,28000,0.0,0.0
2021-06-04,34.707167831011475,35.57678761130086,34.06464773069037,35.443851470947266,31100,0.0,0.0
2021-06-07,35.443849572455896,35.72633595027249,33.92617173572388,35.18351745605469,41900,0.0,0.0
2021-06-08,35.4493956737527,38.10810203964306,35.4493956737527,36.3300895690918,140200,0.0,0.0
2021-06-09,36.33562632495951,37.659439232873005,36.33562632495951,37.388031005859375,42400,0.0,0.0
2021-06-10,37.34370935189082,37.460027135748646,36.21375973254873,36.98921585083008,39700,0.0,0.0
2021-06-11,36.3743916426902,37.155387940135626,36.141756066134725,36.4020881652832,25300,0.0,0.0
2021-06-14,36.90613478310417,36.944907382210445,34.385907389403776,34.93980407714844,42900,0.0,0.0
2021-06-15,36.069755094301414,36.069755094301414,34.11449828107438,34.89549255371094,28000,0.0,0.0
2021-06-16,34.89549039022444,34.89549039022444,32.679903698781615,34.5299186706543,53300,0.0,0.0
2021-06-17,34.22527713956013,34.889953593205654,32.65221044820994,33.31688690185547,45800,0.0,0.0
2021-06-18,33.12856108903791,33.71569021573587,32.607896859160824,32.713138580322266,20000,0.0,0.0
2021-06-21,33.09532861709595,33.38889319897862,32.60236088036909,33.233802795410156,41800,0.0,0.0
2021-06-22,33.233802795410156,33.94278991223546,33.11748499273381,33.233802795410156,36800,0.0,0.0
2021-06-23,33.92617898828843,34.308367019494995,32.95685958862305,32.95685958862305,34900,0.0,0.0
2021-06-24,32.95131482531731,33.33904081569392,32.31433279035886,32.9623908996582,22800,0.0,0.0
2021-06-25,33.23380304696731,34.28066750487505,32.28664016723633,32.28664016723633,35500,0.0,0.0
2021-06-28,32.2921720881616,34.03694726282388,32.13154156341915,32.270015716552734,48700,0.0,0.0
2021-06-29,32.85161652082528,33.54398744815971,32.40295939925115,32.82946014404297,17400,0.0,0.0
2021-06-30,32.54142685445843,34.302818298339844,32.54142685445843,34.302818298339844,40900,0.0,0.0
2021-07-01,35.15582627251074,37.487731008206126,35.15582627251074,36.141761779785156,77900,0.0,0.0
2021-07-02,36.50179563779966,36.50179563779966,34.90657245129177,35.87035369873047,17000,0.0,0.0
2021-07-06,36.00328463734246,36.25807660612994,33.87632127578769,35.09489440917969,25100,0.0,0.0
2021-07-07,35.17244298365354,35.9922120181002,33.74338838049617,35.377384185791016,17500,0.0,0.0
2021-07-08,35.00073125700317,35.7263366852249,33.50521187681743,34.446834564208984,22800,0.0,0.0
2021-07-09,34.596389472067145,35.88696987551509,34.596389472067145,35.58232498168945,12500,0.0,0.0
2021-07-12,35.01734922711902,35.67648763691393,34.72378254621402,35.056121826171875,8400,0.0,0.0
2021-07-13,35.056122540502045,35.4493886891649,33.64922441979324,34.80133056640625,15300,0.0,0.0
2021-07-14,34.878876460548696,35.02842882561256,34.06464762173928,34.180965423583984,19200,0.0,0.0
2021-07-15,33.92617260020018,34.52992008282779,30.298149667176578,32.004150390625,102000,0.0,0.0
2021-07-16,32.11493020259972,33.23380178284254,30.436623888709605,31.887832641601562,51200,0.0,0.0
2021-07-19,30.9295889890703,32.386337768714604,29.467302172628763,31.01267433166504,50500,0.0,0.0
2021-07-20,31.056988104735623,33.211645950808204,30.44216242363044,32.50265884399414,26000,0.0,0.0
2021-07-21,32.87930923699751,33.94278991223546,32.82391829790286,33.233802795410156,29600,0.0,0.0
2021-07-22,33.03993603871177,33.11748123168945,32.48049923860475,33.11748123168945,11800,0.0,0.0
2021-07-23,33.12302084588701,33.12302084588701,32.46388456123919,32.94577407836914,9300,0.0,0.0
2021-07-26,32.8626902958313,35.99774323630473,32.8626902958313,34.6185417175293,41500,0.0,0.0
2021-07-27,34.19204578841854,34.69609174145439,33.455364216880795,34.43022155761719,27100,0.0,0.0
2021-07-28,34.27512665477929,35.39953622278913,33.948327533783335,35.166900634765625,77100,0.0,0.0
2021-07-29,35.63217539576311,36.55718186199544,35.177978162050216,35.74849319458008,40800,0.0,0.0
2021-07-30,35.67094739979993,36.56272140173715,35.58786205177604,35.731876373291016,47400,0.0,0.0
2021-08-02,36.4020988480964,38.21887969970703,36.00329247073851,38.21887969970703,183200,0.0,0.0
2021-08-03,36.00328457283734,36.00328457283734,30.32584354404376,31.909988403320312,211800,0.0,0.0
2021-08-04,31.937687185032754,33.05655889686774,29.46176798487101,30.026742935180664,72700,0.0,0.0
2021-08-05,30.71910927876496,32.2367871073675,29.805181027120042,30.24275779724121,24700,0.0,0.0
2021-08-06,30.24275937668942,31.638579332790997,29.334369114690357,30.514169692993164,32800,0.0,0.0
2021-08-09,29.91041996449806,30.375693248463733,28.248729966470393,28.614301681518555,48800,0.0,0.0
2021-08-10,28.29304323985727,30.1541342973645,28.29304323985727,29.52823257446289,37400,0.0,0.0
2021-08-11,29.284514593392196,31.01267362137741,29.284514593392196,30.746801376342773,45600,0.0,0.0
2021-08-12,30.100889696868297,33.98211015247313,29.637886239549772,33.03895568847656,59800,1.72,0.0
2021-08-13,33.43336600260294,36.50861667972407,32.09580267036559,33.913516998291016,59500,0.0,0.0
2021-08-16,33.736317687789565,33.924947268098386,32.170110192484934,32.621681213378906,34600,0.0,0.0
2021-08-17,32.31872810816797,32.9017687330509,30.2780870113338,32.210121154785156,57600,0.0,0.0
2021-08-18,32.45590694125826,33.66771767281056,31.58134725353942,32.34158706665039,18400,0.0,0.0
2021-08-19,30.981165091138852,32.37588832383504,29.294920453332388,29.740774154663086,61600,0.0,0.0
2021-08-20,30.386696502244966,31.19838140505509,29.980855141096193,30.843982696533203,41600,0.0,0.0
2021-08-23,31.68996230344861,32.09580584001743,30.180916790976656,31.55849266052246,33200,0.0,0.0
2021-08-24,32.29586295204517,32.29586295204517,29.809368181039495,30.666780471801758,60100,0.0,0.0
2021-08-25,30.043725368778787,32.26728073966399,30.043725368778787,30.90685272216797,23400,0.0,0.0
2021-08-26,30.666780081802386,32.15296049468518,30.50101318437353,31.066904067993164,37500,0.0,0.0
2021-08-27,31.398437237401616,34.06784636887387,31.398437237401616,33.3018913269043,34400,0.0,0.0
2021-08-30,33.2847463409283,33.519105623569764,32.47306371634499,32.47877883911133,17900,0.0,0.0
2021-08-31,32.41018705383324,33.644860742526305,31.592787111079115,32.804595947265625,45100,0.0,0.0
2021-09-01,32.741718005615205,33.95352899686835,32.661693204035004,33.85063934326172,19200,0.0,0.0
2021-09-02,33.65057095901061,35.416840218133956,33.581978592004354,33.787757873535156,21500,0.0,0.0
2021-09-03,34.54800404124173,35.14819448630595,34.010693037069196,34.0335578918457,25500,0.0,0.0
2021-09-07,34.58229997747903,34.85667168258101,33.8392096702638,33.964962005615234,14200,0.0,0.0
2021-09-08,33.890655654942975,34.096434985902626,33.39335487828631,33.7706184387207,7900,0.0,0.0
2021-09-09,33.46765700716214,34.507983673826914,33.439077035541864,34.022117614746094,8100,0.0,0.0
2021-09-10,34.353657383232495,34.639461528452436,34.067853238012546,34.4279670715332,28700,0.0,0.0
2021-09-13,34.365084732526505,35.148189544677734,34.22218268103337,35.148189544677734,13200,0.0,0.0
2021-09-14,34.873817614124,35.15390660995396,34.43368119005352,34.713768005371094,23200,0.0,0.0
2021-09-15,34.67946746534206,36.565776216337596,34.66231991759154,34.868099212646484,28300,0.0,0.0
2021-09-16,34.80522563650466,36.46860553971732,34.77664566040039,34.77664566040039,19400,0.0,0.0
2021-09-17,35.43970913055246,36.194231795665175,35.35396702658008,35.714080810546875,27100,0.0,0.0
2021-09-20,35.43971351853493,36.66295489432493,34.999574879304525,35.9998893737793,46000,0.0,0.0
2021-09-21,36.39429785786188,37.091660651801476,35.72551722210999,35.97702407836914,28200,0.0,0.0
2021-09-22,36.18851693502863,37.720424947629226,36.18851693502863,36.97733688354492,46100,0.0,0.0
2021-09-23,37.65183490105981,39.73248846632952,37.26314113826082,38.57212448120117,81700,0.0,0.0
2021-09-24,38.25201766773879,39.88110007909634,38.25201766773879,39.48097610473633,40600,0.0,0.0
2021-09-27,40.012575588498024,40.012575588498024,38.85792889750936,39.17802810668945,49000,0.0,0.0
2021-09-28,38.94366511921882,39.84108981931219,38.143417127561925,39.30949401855469,27300,0.0,0.0
2021-09-29,39.155161883191724,39.43524868141529,37.783301324568434,39.149444580078125,18800,0.0,0.0
2021-09-30,38.59498875840062,40.8814218553942,38.59498875840062,39.841094970703125,48700,0.0,0.0
2021-10-01,40.229784286425506,42.36188483051574,39.8982548387026,42.13895797729492,92000,0.0,0.0
2021-10-04,42.407612426803226,44.25390441286817,41.73311459746395,43.73945617675781,121200,0.0,0.0
2021-10-05,44.373943638723034,46.91188547900926,44.02526228279094,46.677528381347656,79700,0.0,0.0
2021-10-06,46.334557817579025,47.729283176590414,45.7172242956615,46.98619079589844,62900,0.0,0.0
2021-10-07,47.580665601342645,47.580665601342645,45.3513927372171,45.78581619262695,57400,0.0,0.0
2021-10-08,46.30027003558345,47.15768244364981,45.6200547963228,46.34028244018555,197600,0.0,0.0
2021-10-11,46.986188639236566,49.84422941683062,46.986188639236566,48.64957046508789,115600,0.0,0.0
2021-10-12,48.649582686785735,49.661327457372884,45.45429002698492,46.128787994384766,86600,0.0,0.0
2021-10-13,46.711826084152975,48.146563988057295,45.700077056884766,45.700077056884766,40200,0.0,0.0
2021-10-14,46.128778076785416,47.01477249434076,45.7057892474672,45.997310638427734,23100,0.0,0.0
2021-10-15,45.78581809013264,47.3463104679995,45.322816821996454,45.757240295410156,48400,0.0,0.0
2021-10-18,45.48286228167785,47.18625656095626,45.48286228167785,46.620361328125,22500,0.0,0.0
2021-10-19,47.03764111841573,47.437765129462974,45.72865776652597,46.11735153198242,17100,0.0,0.0
2021-10-20,45.72866202035067,47.15196540464707,45.32282066824307,46.523197174072266,22100,0.0,0.0
2021-10-21,46.2716866858123,46.746122586035604,45.642918474963,46.151649475097656,23800,0.0,0.0
2021-10-22,46.23738489776191,46.87187032049445,45.59718217219617,46.620361328125,34100,0.0,0.0
2021-10-25,47.134811883033066,47.134811883033066,45.957300380706265,46.6546630859375,25300,0.0,0.0
2021-10-26,46.586065825987596,46.84328775791771,46.02588790088579,46.5574836730957,15400,0.0,0.0
2021-10-27,46.50605358103594,47.10052676121052,45.557181670076886,46.02018737792969,24200,0.0,0.0
2021-10-28,45.89442529844706,46.34027901997065,44.56257707623706,45.15133285522461,38300,0.0,0.0
2021-10-29,44.97413517527637,45.60862065190272,43.573696772863066,45.208492279052734,28200,0.0,0.0
2021-11-01,45.6429093997222,47.05478221234716,44.734054544580886,46.2259521484375,98500,0.0,0.0
2021-11-02,46.300266078643446,47.48921222953107,44.328219453037015,45.208492279052734,61000,0.0,0.0
2021-11-03,45.72866377103373,46.265976965871445,44.88839887647695,45.865848541259766,28200,0.0,0.0
2021-11-04,45.545743199137625,46.32884803145381,44.2710549481448,45.77438735961914,60900,0.0,0.0
2021-11-05,45.76866246262902,46.14020861663841,45.448563307678846,45.73436737060547,40600,0.0,0.0
2021-11-08,46.197382144150374,46.44317388499814,45.50001932774391,45.68293380737305,76500,0.0,0.0
2021-11-09,46.20309441906659,46.33456187019544,45.23135780847532,45.82011795043945,138700,0.0,0.0
2021-11-10,45.72518550136932,46.27694930880253,44.84117837814,45.49380111694336,124900,2.93,0.0
2021-11-11,45.4938027775947,47.249953195368896,45.09036251091172,45.594661712646484,79000,0.0,0.0
2021-11-12,45.37514681605713,45.96250686370876,44.87677728587093,45.57093048095703,51300,0.0,0.0
2021-11-15,45.167483610357266,46.810910998913776,45.120023516796756,45.725181579589844,77400,0.0,0.0
2021-11-16,45.68365331317612,45.96843652028411,44.68691887801144,45.624324798583984,67900,0.0,0.0
2021-11-17,45.683659950858576,45.683659950858576,44.85898125672091,45.250553131103516,17400,0.0,0.0
2021-11-18,45.68365878922827,48.03903776532464,45.30988502866596,47.172828674316406,105800,0.0,0.0
2021-11-19,46.52020867984761,49.528210628506635,46.52020867984761,48.79252243041992,67600,0.0,0.0
2021-11-22,49.43327284704209,50.53086621805503,48.05683047619047,48.122093200683594,58800,0.0,0.0
2021-11-23,47.68898508647435,48.638259406156905,47.054160487909996,47.88477325439453,27600,0.0,0.0
2021-11-24,47.920382842955924,48.24076233637068,47.16690100719513,47.19656753540039,27300,0.0,0.0
2021-11-26,46.27101589592115,47.40421005198596,45.707388185993864,46.83464813232422,24300,0.0,0.0
2021-11-29,47.87884742435731,48.8103192792198,45.87944856266796,46.276954650878906,33200,0.0,0.0
2021-11-30,45.98030227551015,46.26508549415617,44.53859713278029,45.713321685791016,35800,0.0,0.0
2021-12-01,45.606530170694704,46.89991180381223,45.0606960260346,45.090362548828125,16600,0.0,0.0
2021-12-02,44.817445074915895,46.56766118024609,44.734384247803824,46.24135208129883,20300,0.0,0.0
2021-12-03,46.24135633372613,46.85838291078398,44.88864613753147,45.14969253540039,25600,0.0,0.0
2021-12-06,45.62433304035681,46.21762734640443,45.1081653645639,45.96844482421875,35400,0.0,0.0
2021-12-07,45.6836539076235,47.208419837507236,45.173420527835894,45.2446174621582,42900,0.0,0.0
2021-12-08,45.17935534625076,46.86430874297533,44.85304171763653,44.918304443359375,48700,0.0,0.0
2021-12-09,44.586059380037156,45.98029982425163,44.23601345341432,45.048828125,44200,0.0,0.0
2021-12-10,45.7785923985614,47.16689894965382,45.68366313362697,46.846519470214844,26900,0.0,0.0
2021-12-13,47.89665405846888,47.89665405846888,45.07850594355013,45.28022384643555,38700,0.0,0.0
2021-12-14,45.707385816651154,47.220283314256996,45.67771929599249,46.67445373535156,42200,0.0,0.0
2021-12-15,46.419333882283425,47.05415845339945,45.387003309710906,46.00996398925781,54300,0.0,0.0
2021-12-16,46.5320692626021,47.25588898823418,45.35734462934287,45.873512268066406,39100,0.0,0.0
2021-12-17,45.683654474882225,46.57359579582149,45.38700736790247,45.82011413574219,59100,0.0,0.0
2021-12-20,45.61840138703139,46.34222120521955,44.74032829968711,46.22356414794922,27700,0.0,0.0
2021-12-21,45.89131293448611,47.90258023774433,45.63619620590145,46.85245132446289,54300,0.0,0.0
2021-12-22,47.28555252163187,48.22295857467261,46.763455182375885,47.65339660644531,50700,0.0,0.0
2021-12-23,47.344882402479115,48.199223034404355,46.870245197483875,47.32707977294922,28000,0.0,0.0
2021-12-27,47.68898440947138,48.79844615212685,47.066028238308164,48.44247055053711,41700,0.0,0.0
2021-12-28,49.05356725373199,50.074034056403015,48.80438476279393,49.07136535644531,30900,0.0,0.0
2021-12-29,49.492603426969715,50.69698998590367,49.35614828931873,50.435943603515625,41800,0.0,0.0
2021-12-30,50.64359716221921,51.81831723358063,49.261220483734775,49.267154693603516,53700,0.0,0.0
2021-12-31,49.7892587636744,49.7892587636744,48.26449252654263,49.05950927734375,27200,0.0,0.0
2022-01-03,50.19862500695544,52.684529271428964,49.09509738045495,50.435943603515625,86000,0.0,0.0
2022-01-04,51.02330747310179,53.26595910059032,50.66139760448844,52.66080093383789,83200,0.0,0.0
2022-01-05,53.396487325984,53.396487325984,51.31995726330684,51.687801361083984,67500,0.0,0.0
2022-01-06,52.809114744146484,53.39647469841599,51.32587933585715,51.5750617980957,75300,0.0,0.0
2022-01-07,51.59880154785238,51.81238783956114,50.198626758417596,51.533538818359375,79200,0.0,0.0
2022-01-10,50.91650916851397,51.90730941767353,50.05623437042465,51.42674255371094,65300,0.0,0.0
2022-01-11,51.47420445431279,52.35821151733399,50.46560162987835,52.358211517333984,59000,0.0,0.0
2022-01-12,52.38787672575734,53.98976916512138,51.17755608261495,53.9779052734375,90300,0.0,0.0
2022-01-13,55.544205505562445,56.93251178265028,54.060969982275985,55.76372146606445,140900,0.0,0.0
2022-01-14,56.14342911485619,59.92864904814412,55.83491811921726,59.59640121459961,126300,0.0,0.0
2022-01-18,60.812662317808275,65.71920391023954,59.38875517287658,61.216102600097656,283300,0.0,0.0
2022-01-19,61.2160970987161,63.79692602082753,57.846185786698626,58.931915283203125,129900,0.0,0.0
2022-01-20,58.81327270663061,58.81327270663061,56.21464484365362,56.36296844482422,125000,0.0,0.0
2022-01-21,55.2416302918853,57.911454528637016,54.34575466947309,56.428218841552734,63700,0.0,0.0
2022-01-24,55.680666344726966,57.63853924668738,54.52374432859877,56.79606246948242,53400,0.0,0.0
2022-01-25,56.778259847529796,59.9049231863093,56.03071232614082,59.074310302734375,48900,0.0,0.0
2022-01-26,59.32942537016444,61.548344611595326,55.170431384302645,57.07490539550781,94100,0.0,0.0
2022-01-27,56.671460353660784,59.032773276364615,54.28641964610414,56.30955505371094,81400,0.0,0.0
2022-01-28,56.362959396499704,59.87526062201147,56.33329287043732,59.566749572753906,74700,0.0,0.0
2022-01-31,59.98798761353038,61.25170285518383,59.34722867699779,60.48042297363281,39800,0.0,0.0
2022-02-01,60.812660008295076,62.758664404324385,60.812660008295076,61.94585418701172,97400,0.0,0.0
2022-02-02,62.28995562253037,63.07903798008768,60.84825056250609,62.59253692626953,54700,0.0,0.0
2022-02-03,61.714469673153225,63.36383159141083,61.548347997214975,63.06718444824219,53600,0.0,0.0
2022-02-04,62.39081765750385,63.71386113381397,59.52520570398009,60.44480895996094,114200,0.0,0.0
2022-02-07,61.06777649386224,61.69073725838674,58.90818581567521,59.95238494873047,81500,0.0,0.0
2022-02-08,59.62606287542811,60.5160041123748,59.068364918469456,60.124427795410156,71000,0.0,0.0
2022-02-09,60.136300996311476,62.88918574609811,59.916780510874084,60.278690338134766,100000,0.0,0.0
2022-02-10,59.69133278389452,62.408621440984575,58.80139143976705,60.04137420654297,105100,0.0,0.0
2022-02-11,60.04137355615528,60.69993050579396,58.80732501245437,59.13956832885742,258200,0.0,0.0
2022-02-14,59.03277587890625,59.44215034603623,57.60886882175808,59.03277587890625,41000,0.0,0.0
2022-02-15,58.80139375717851,59.3294252800529,58.160634877799716,58.70053482055664,35300,0.0,0.0
2022-02-16,58.742067466775715,61.10931035788636,58.46915264330598,58.925987243652344,88000,0.0,0.0
2022-02-17,58.148759430468814,60.35581433659001,58.148759430468814,59.394676208496094,55400,0.0,0.0
2022-02-18,59.222637927876434,59.67947255558047,57.9945188854783,59.335365295410156,94100,0.0,0.0
2022-02-22,60.46855687487939,63.108719352612724,58.46915788476237,61.47122573852539,153800,0.0,0.0
2022-02-23,61.47120452031076,62.74085358294455,58.74205245651313,58.96750259399414,64200,0.0,0.0
2022-02-24,60.332094201397915,63.7316677455788,59.91085582379051,60.69400405883789,171400,0.0,0.0
2022-02-25,61.54241373280758,64.32496065062038,61.23389819204838,63.18583679199219,211800,0.0,0.0
2022-02-28,65.26236926807123,65.58868292500199,62.889192203777725,63.89186096191406,142300,0.0,0.0
2022-03-01,65.82599714283802,65.85566366679186,61.916190094247796,62.99005126953125,218700,0.0,0.0
2022-03-02,64.5860192872084,66.95326232910156,64.00458886871158,66.95326232910156,244200,0.0,0.0
2022-03-03,69.78327343252619,70.068052146343,65.26830369087409,66.21163940429688,406700,0.0,0.0
2022-03-04,66.35481851813796,71.77700572751091,66.24276877851513,68.57100677490234,507400,5.24,0.0
2022-03-07,72.4119686194168,72.5675995702623,65.38367430929628,66.50421905517578,767200,0.0,0.0
2022-03-08,65.67003999332965,67.22012780858266,63.06789009502825,65.86924743652344,408000,0.0,0.0
2022-03-09,65.60156444435718,68.2597440586904,64.57440384695543,66.63495635986328,286500,0.0,0.0
2022-03-10,66.61004922508893,70.50082312842356,66.13692978858907,68.1974868774414,393400,0.0,0.0
2022-03-11,67.46914455113546,69.11260741281663,63.85228189145179,64.13241577148438,299500,0.0,0.0
2022-03-14,65.91905818231825,67.81775805750898,63.04299593272131,66.88397216796875,162700,0.0,0.0
2022-03-15,66.92130290163914,68.91960356253196,66.16182316925735,66.36103057861328,100800,0.0,0.0
2022-03-16,66.7158729480481,67.74926471166461,64.74247368800982,65.79454040527344,143200,0.0,0.0
2022-03-17,67.23258198941234,71.9886642612975,67.10807910774265,71.02375030517578,177100,0.0,0.0
2022-03-18,71.62136680376042,78.60608001734843,71.59023871322363,76.8505630493164,258800,0.0,0.0
2022-03-21,79.23484541086407,84.04695275194163,79.1912689255451,83.7917251586914,265500,0.0,0.0
2022-03-22,84.66323354538768,85.1114514240741,80.02543331346523,82.02996063232422,237200,0.0,0.0
2022-03-23,82.79567359357314,86.99770965941238,82.79567359357314,86.58061981201172,250000,0.0,0.0
2022-03-24,87.8443365771277,92.35763426991686,87.54552780338278,91.87828826904297,273500,0.0,0.0
2022-03-25,91.88452561117491,93.56533813476561,87.26539020708985,93.56533813476562,173800,0.0,0.0
2022-03-28,93.44083608139202,93.49686094957868,87.16579437255861,87.1657943725586,200500,0.0,0.0
2022-03-29,83.3746164019303,85.42894704937204,79.37801909131265,83.41819763183594,214700,0.0,0.0
2022-03-30,84.58854409357991,86.33783459877937,84.44535676829388,85.07411193847656,93000,0.0,0.0
2022-03-31,84.13408859776362,87.65135380172687,84.04071382642914,85.88961029052734,78200,0.0,0.0
2022-04-01,84.87490090385784,87.9937515258789,84.87490090385784,87.9937515258789,77800,0.0,0.0
2022-04-04,88.05598937969725,88.92129707947369,83.41818898162984,85.73397827148438,153000,0.0,0.0
2022-04-05,86.53080870360573,87.36498832071038,83.72945158730195,85.24217987060547,57300,0.0,0.0
2022-04-06,86.0950527470294,86.8483013070415,82.34745640618985,83.31237030029297,100700,0.0,0.0
2022-04-07,83.05712906888917,88.26765053714703,83.05712906888917,87.23426818847656,83400,0.0,0.0
2022-04-08,88.79058352386981,90.75775175393473,85.60325481765024,90.35933685302734,133500,0.0,0.0
2022-04-11,91.32424711830924,92.33274221706583,88.79680180096841,90.32198333740234,82000,0.0,0.0
2022-04-12,90.3282153346728,95.55741192719586,90.32198401677624,92.2891616821289,135100,0.0,0.0
2022-04-13,93.42214393064302,96.1425696845519,91.82225333006981,94.49910736083984,121400,0.0,0.0
2022-04-14,94.61740720764912,98.52685638383852,94.5613728396733,98.35877227783203,132100,0.0,0.0
2022-04-18,100.30725867149074,108.94166037093763,100.07691841598582,107.07408905029297,250200,0.0,0.0
2022-04-19,107.55343494568369,110.76565039589454,104.89525577465312,108.51834869384766,146500,0.0,0.0
2022-04-20,109.40856794350528,111.89244155428081,105.38705964495826,108.26934814453125,112800,0.0,0.0
2022-04-21,106.45157050159877,108.06390487447506,97.44365029631281,99.37969970703125,214900,0.0,0.0
2022-04-22,100.97337410767155,104.52798973605904,92.15221163456434,95.33953094482422,226100,0.0,0.0
2022-04-25,93.9264088413291,94.69211057674231,84.76285629588426,93.22295379638672,460600,0.0,0.0
2022-04-26,94.58627041234352,101.24727336413682,93.64003154941899,93.68983459472656,137300,0.0,0.0
2022-04-27,93.09844982907798,97.79850710744658,90.5585512130978,97.21333312988281,103700,0.0,0.0
2022-04-28,97.21331693713982,98.57664555161777,91.74132752551947,96.67171478271484,107500,0.0,0.0
2022-04-29,98.32141905780271,98.90659300061779,92.07750555973655,93.04241943359375,74200,0.0,0.0
2022-05-02,93.37857145655002,94.53646612256962,88.55401193129494,92.1521987915039,153000,0.0,0.0
2022-05-03,87.22181262961811,97.81093936748827,86.53703262937317,96.48497009277344,191200,0.0,0.0
2022-05-04,96.17994060755807,98.59533633044441,93.37858311413405,97.31916046142578,116600,0.0,0.0
2022-05-05,99.82169618568142,101.28462143178332,94.35593792377131,95.7752914428711,92300,0.0,0.0
2022-05-06,95.25236302051219,95.55740310150392,90.43403489785503,92.45723724365234,154400,0.0,0.0
2022-05-09,88.78434662968674,90.26595640202157,80.92809884319176,81.2455825805664,256900,0.0,0.0
2022-05-10,84.35197165735318,85.55966930276053,78.47534569142812,82.02996063232422,112900,0.0,0.0
2022-05-11,81.08373093208405,86.37518362246956,79.96941742741586,83.1380615234375,156600,0.0,0.0
2022-05-12,81.90958417127457,85.34807215843686,80.10484660800194,83.45468139648438,112900,2.26,0.0
2022-05-13,84.22088848851183,88.65356683001245,84.22088848851183,86.49421691894531,61600,0.0,0.0
2022-05-16,87.07047352871305,93.78281935300654,86.60821117474387,90.66094207763672,98600,0.0,0.0
2022-05-17,92.76963406290892,94.57437142331985,89.32480788003801,90.686279296875,72000,0.0,0.0
2022-05-18,88.65357614475626,88.84987894593826,83.59398642771882,84.22722625732422,82000,0.0,0.0
2022-05-19,84.22722480643922,86.95015795933223,81.56129058070833,83.3976821899414,54900,0.0,0.0
2022-05-20,83.39769250200648,84.59451552083179,80.15550732137366,81.87158203125,63400,0.0,0.0
2022-05-23,84.18289751007504,85.9433033173401,82.95441079655795,84.8478012084961,105000,0.0,0.0
2022-05-24,85.20874857046688,85.20874857046688,80.161826435785,82.44782257080078,77900,0.0,0.0
2022-05-25,82.32117477518956,85.46837738382347,82.00455487220808,84.78447723388672,64100,0.0,0.0
2022-05-26,84.44252895200263,86.75385029561964,83.15071438333156,84.07524871826172,85000,0.0,0.0
2022-05-27,83.39135305334834,83.5496630076109,78.67371351758183,81.88423919677734,156200,0.0,0.0
2022-05-31,81.84624671133089,84.5375159455526,81.51063037982577,82.1312026977539,74300,0.0,0.0
2022-06-01,82.04254183368344,82.04254183368344,75.85579149864104,76.07109069824219,215400,0.0,0.0
2022-06-02,75.27956227325443,81.05471226110349,75.27956227325443,79.98453521728516,87300,0.0,0.0
2022-06-03,79.94019078994491,80.42145438943096,78.04680514564855,78.4140853881836,82600,0.0,0.0
2022-06-06,78.52173491686438,79.66156848524884,77.41356527086025,79.36394500732422,39400,0.0,0.0
2022-06-07,79.36394516599088,79.85153768546355,77.38823525391999,77.46422576904297,122200,0.0,0.0
2022-06-08,76.79298992840745,78.14179382088807,72.53762244707399,72.82257843017578,236500,0.0,0.0
2022-06-09,72.17667639507631,73.6647889972878,70.4542633215645,70.49225616455078,158200,0.0,0.0
2022-06-10,70.29595874447939,76.55236686948354,67.91497550007544,76.24208068847656,161100,0.0,0.0
2022-06-13,75.98878253498046,77.45789880407395,71.8663897297115,75.61517333984375,133600,0.0,0.0
2022-06-14,76.62202319837732,78.83202896102225,74.53232972410869,75.47586059570312,104500,0.0,0.0
2022-06-15,75.08957622833762,77.11594164463965,73.39882713118223,76.42571258544922,96600,0.0,0.0
2022-06-16,73.6267923240391,74.97559624322608,70.14397328667944,70.55558013916016,96400,0.0,0.0
2022-06-17,70.15029969018312,71.74606658747174,67.17407475702531,68.22525024414062,95400,0.0,0.0
2022-06-21,69.5677244890701,74.11438642505087,69.5677244890701,73.2151870727539,91000,0.0,0.0
2022-06-22,70.64423064561979,72.2083337269117,69.99199442366094,70.25162506103516,58800,0.0,0.0
2022-06-23,70.72655565946276,72.27165750482337,63.45062679137875,64.59679412841797,232300,0.0,0.0
2022-06-24,64.92609191327024,70.47327528037067,64.73612282521977,67.30707550048828,78500,0.0,0.0
2022-06-27,67.78199724810551,70.44793655974146,66.88279777915443,69.84002685546875,47100,0.0,0.0
2022-06-28,71.18881818573757,72.75925503818661,69.47273888267517,70.78987884521484,43500,0.0,0.0
2022-06-29,72.0057008558326,72.0057008558326,66.55350550529928,66.68648529052734,60500,0.0,0.0
2022-06-30,66.55350138052704,67.18040742381616,62.861712222155994,63.2289924621582,131700,0.0,0.0
2022-07-01,63.323986098032535,64.40682568056049,58.89130707117026,62.013179779052734,122400,0.0,0.0
2022-07-05,60.63271763149334,60.63271763149334,56.339352080297765,58.09975814819336,116700,0.0,0.0
2022-07-06,57.37786448155972,57.624827642098346,50.849163027665,55.14252853393555,248300,0.0,0.0
2022-07-07,55.205853907598964,60.366759987082744,55.205853907598964,59.2205924987793,115800,0.0,0.0
2022-07-08,60.09446311516539,60.157786134322606,57.479179425965995,58.061763763427734,136700,0.0,0.0
2022-07-11,58.25806649900187,60.455409562777305,56.56731725032112,58.78998565673828,85600,0.0,0.0
2022-07-12,58.56834830901294,61.14563412639555,57.94144225376752,58.65700149536133,44500,0.0,0.0
2022-07-13,58.321385437622354,62.75406410024002,58.321385437622354,61.79787063598633,76000,0.0,0.0
2022-07-14,60.10712161783655,60.10712161783655,56.617973742522395,58.74565505981445,59800,0.0,0.0
2022-07-15,60.17044767810463,61.41793094019511,58.25806548046814,61.41160202026367,40500,0.0,0.0
2022-07-18,62.69073956856046,64.69810855484495,57.966771287890005,58.54935073852539,164500,0.0,0.0
2022-07-19,60.005806057040424,61.73454804174142,60.005806057040424,60.99999237060547,55700,0.0,0.0
2022-07-20,60.60738608616042,60.92400601441195,58.644343497248244,60.09446334838867,39100,0.0,0.0
2022-07-21,59.93613932857153,60.854334972679204,57.84011260984699,60.20209884643555,51000,0.0,0.0
2022-07-22,59.65118387456572,61.151963855453275,58.25805832536657,58.40370559692383,41900,0.0,0.0
2022-07-25,59.04962221231474,62.032181639215096,59.04962221231474,61.73455810546875,98500,0.0,0.0
2022-07-26,62.0575007948568,64.14719408064752,62.0575007948568,62.817386627197266,63800,0.0,0.0
2022-07-27,63.57727912857474,66.88912069388883,63.32398223339387,66.5788345336914,57600,0.0,0.0
2022-07-28,65.93926714182295,69.4854143443135,65.93926714182295,66.74348449707031,101200,0.0,0.0
2022-07-29,66.59149912233228,70.28961720398077,65.2236988469371,69.28276824951172,124300,0.0,0.0
2022-08-01,70.06164286889154,72.61993194061179,67.7566506537127,72.13233947753906,137900,0.0,0.0
2022-08-02,74.72229638368098,76.94496943394172,72.94922301157372,76.19774627685547,193700,0.0,0.0
2022-08-03,76.53969850105375,80.0985031843695,76.29906427834773,79.46526336669922,208300,0.0,0.0
2022-08-04,80.25680994212458,80.73173978646065,74.77928477120138,75.18456268310547,128800,0.0,0.0
2022-08-05,75.03892583718822,78.36343520972187,75.03892583718822,77.3629150390625,103600,0.0,0.0
2022-08-08,78.79404490155065,81.05471126466726,77.95183463281927,78.7243881225586,154900,0.0,0.0
2022-08-09,79.53491288890552,81.02935910898847,78.5217302391635,79.23728942871094,102100,0.0,0.0
2022-08-10,80.46578471830742,80.46578471830742,76.62201915714475,77.15393829345703,236800,0.0,0.0
2022-08-11,78.81724341604962,82.06103864154365,78.34103071458355,80.06645202636719,135400,10.05,0.0
2022-08-12,80.74971604543325,81.8884951453414,79.6385443179216,81.21212768554688,58600,0.0,0.0
2022-08-15,78.96908192227316,81.00508224468622,76.47757310825115,77.30577850341797,99300,0.0,0.0
2022-08-16,77.35408507465833,79.56952527998739,76.6156050062153,77.94072723388672,79700,0.0,0.0
2022-08-17,76.95379379353575,77.85101502022577,75.15245344582277,75.166259765625,73900,0.0,0.0
2022-08-18,75.40091716808756,79.70756762168142,74.90399494929434,79.10712432861328,84000,0.0,0.0
2022-08-19,79.41769079034528,80.08025193270959,77.61635054540534,79.99053192138672,69500,0.0,0.0
2022-08-22,80.33561081863537,82.13004778433937,78.33412120607159,81.7642593383789,81200,0.0,0.0
2022-08-23,82.81331819017751,86.87841030017735,81.8125759550964,86.12612915039062,120100,0.0,0.0
2022-08-24,86.27106063416548,91.35070110555056,85.98119113417093,90.89518737792969,152200,0.0,0.0
2022-08-25,92.79314959830045,96.45794252507814,92.79314959830045,95.93341827392578,113700,0.0,0.0
2022-08-26,96.61670249856864,96.61670249856864,93.49713759430165,95.2432632446289,81800,0.0,0.0
2022-08-29,94.93958280072013,96.60289151175303,90.29475146920583,90.41207885742188,202300,0.0,0.0
2022-08-30,90.52249938601203,91.3990057637224,84.46971893310547,84.46971893310547,168400,0.0,0.0
2022-08-31,84.55944645557175,89.59077569951103,83.12389990690853,85.73963928222656,77300,0.0,0.0
2022-09-01,84.6905693945867,85.18058835948158,82.29568404397271,83.62081146240234,71900,0.0,0.0
2022-09-02,86.26415699920551,88.87299828147164,85.5808916771101,87.7894287109375,114300,0.0,0.0
2022-09-06,89.03173942748873,90.41207647287615,87.68591291446317,89.10765838623047,70400,0.0,0.0
2022-09-07,89.03173266127654,90.75715383688267,88.01028100846798,90.52249908447266,96200,0.0,0.0
2022-09-08,89.7495115097409,91.01252119044506,89.44584620099585,90.41897583007812,56200,0.0,0.0
2022-09-09,91.1022526243965,93.69728269582157,91.0125273389693,93.28318786621094,89700,0.0,0.0
2022-09-12,94.55308949258901,94.55308949258901,89.81853291134969,91.3023910522461,97400,0.0,0.0
2022-09-13,89.72189610314253,92.75863298956432,88.43128450608344,91.109130859375,81000,0.0,0.0
2022-09-14,91.7164880134591,93.00020179529258,90.41207001991339,91.40591430664062,44400,0.0,0.0
2022-09-15,91.1022406113403,91.1022406113403,86.85080018867193,86.91291809082031,88700,0.0,0.0
2022-09-16,85.36004096340574,85.36004096340574,82.1300521473252,82.88923645019531,110900,0.0,0.0
2022-09-19,81.43988879424752,85.56019587488807,80.2527980472981,84.4076156616211,83200,0.0,0.0
2022-09-20,83.80027062047526,86.91983565877229,83.0341830489129,86.3676986694336,82600,0.0,0.0
2022-09-21,87.2166006050276,88.15523024400522,85.2151107788086,85.2151107788086,64700,0.0,0.0
2022-09-22,86.75418344100498,86.96123610939745,81.2535445958925,82.1093521118164,60400,0.0,0.0
2022-09-23,80.59787880287001,81.43988523850474,73.84803152983058,74.40706634521484,128400,0.0,0.0
2022-09-26,73.8411239095098,76.6225020304454,70.66634996714902,71.05974578857422,90800,0.0,0.0
2022-09-27,73.43393392254225,77.33338723798924,73.43393392254225,76.71223449707031,88800,0.0,0.0
2022-09-28,77.91312521981428,84.8562189724183,77.33338617993384,83.98661041259766,102600,0.0,0.0
2022-09-29,84.13845361494688,84.13845361494688,76.81576460344549,80.72901916503906,87500,0.0,0.0
2022-09-30,80.68069972510021,81.68144195654955,78.33412574226247,78.97598266601562,47600,0.0,0.0
2022-10-03,82.49584964603632,86.20895998185199,80.0595553975501,85.40145874023438,88400,0.0,0.0
2022-10-04,88.15523579684091,90.48110582700727,87.74113043283214,89.32161712646484,76200,0.0,0.0
2022-10-05,89.10765504481816,89.72190458573662,85.49807148963448,88.92821502685547,57200,0.0,0.0
2022-10-06,88.82468717813478,92.25482559438852,87.89296072127256,90.39137268066406,82000,0.0,0.0
2022-10-07,90.70194046949328,91.78551003913286,85.93287900597062,87.03714752197266,55900,0.0,0.0
2022-10-10,87.1613785084047,88.67284390833666,86.14682999405935,88.12071228027344,30000,0.0,0.0
2022-10-11,87.27180726887269,88.34157058135851,85.76723968428622,86.00189971923828,55400,0.0,0.0
2022-10-12,85.0218586061609,86.92671986164792,84.20745957122622,85.9052734375,35600,0.0,0.0
2022-10-13,84.2005570421518,89.54936291982948,83.85547279197905,89.0938491821289,55700,0.0,0.0
2022-10-14,89.03173724210473,89.3699236011324,83.02727334828293,83.08938598632812,72700,0.0,0.0
2022-10-17,85.92598585983637,86.96123870152114,84.54564873759,85.56710052490234,57300,0.0,0.0
2022-10-18,87.30632208980123,88.29326333274345,84.17295622245717,85.97429656982422,74700,0.0,0.0
2022-10-19,86.57473549227497,88.03788929443752,83.91758264176222,86.15373229980469,53800,0.0,0.0
2022-10-20,85.30482331795997,89.04554049205042,85.23580752287684,88.18972778320312,93100,0.0,0.0
2022-10-21,87.65140781732889,89.73571983382928,86.4574138821798,88.63834381103516,105700,0.0,0.0
2022-10-24,87.00264193336909,87.99648628700406,85.36694591117414,85.80175018310547,71000,0.0,0.0
2022-10-25,85.65681309357078,85.72582889056787,82.84782750469012,85.44976043701172,108800,0.0,0.0
2022-10-26,85.58088898461713,86.2710574441705,82.9720530499962,83.51038360595703,110000,0.0,0.0
2022-10-27,85.47045778751267,85.54637673778461,83.16529770636058,83.77264404296875,49100,0.0,0.0
2022-10-28,83.84167369226047,85.28412336411787,82.99276410020681,83.96590423583984,81000,0.0,0.0
2022-10-31,84.54563629528708,86.14682691082818,82.90303725715437,83.51038360595703,159600,0.0,0.0
2022-11-01,77.98903962032135,86.91291843528701,76.69152475056109,83.19981384277344,252700,0.0,0.0
2022-11-02,82.63388787753728,82.63388787753728,77.91313196784641,78.59639739990234,128300,0.0,0.0
2022-11-03,77.29886138635631,82.43371600628858,76.26360877850333,80.22517395019531,113900,0.0,0.0
2022-11-04,81.971309588955,84.55944143745856,80.74971367331112,82.13005065917969,67500,0.0,0.0
2022-11-07,82.82022094726562,84.6353622274221,82.82022094726562,82.82022094726562,75000,0.0,0.0
2022-11-08,84.1177388531984,84.66987578547618,82.82022390758408,83.98661041259766,63600,0.0,0.0
2022-11-09,82.47512995093993,83.95899317471886,79.92150878671939,80.27349090576172,90900,0.0,0.0
2022-11-10,82.34095720261925,85.11625825858705,81.99755015637174,82.38301086425781,58000,1.77,0.0
2022-11-11,82.66334069719142,84.69575969132922,81.99755075716881,82.55821990966797,49800,0.0,0.0
2022-11-14,82.7614631877635,84.30330079900382,81.99755689095055,82.27088165283203,70700,0.0,0.0
2022-11-15,82.43907506346204,85.5367644139537,81.36680024276536,85.13027954101562,81100,0.0,0.0
2022-11-16,83.56041784408025,85.20737623460093,82.91564667269888,84.53457641601562,41400,0.0,0.0
2022-11-17,83.04179140735818,83.2590535106601,80.60289289681006,82.34095764160156,98300,0.0,0.0
2022-11-18,80.75707600548645,83.92484222795174,80.75707600548645,83.7496337890625,66100,0.0,0.0
2022-11-21,84.10006009615385,84.10006009615385,81.4158652281532,81.99755859375,149400,0.0,0.0
2022-11-22,82.17276578249835,86.45486087064624,82.17276578249835,86.08341979980469,87800,0.0,0.0
2022-11-23,85.35454536248866,85.92221900432112,83.50434464020621,84.83592987060547,62900,0.0,0.0
2022-11-25,85.24942550196234,86.93142774063072,84.34534923184135,85.34754180908203,34200,0.0,0.0
2022-11-28,84.87797721160005,86.39878518951045,84.4504681896898,85.0041275024414,48500,0.0,0.0
2022-11-29,85.85214112139164,88.36112742681652,85.04618117617065,88.05976867675781,76700,0.0,0.0
2022-11-30,88.23497381747413,90.1132085584753,86.30768092583601,89.98705291748047,63300,0.0,0.0
2022-12-01,90.40755577087403,90.40755577087403,83.63749902801355,84.10005187988281,113500,0.0,0.0
2022-12-02,83.39921710969219,85.61385434905085,82.7614558240882,83.18896484375,65000,0.0,0.0
2022-12-05,82.70539238582488,83.77065733383176,80.3996487052655,81.1355209350586,89300,0.0,0.0
2022-12-06,81.30372532988272,81.99754924946656,77.33700371419063,78.8508071899414,137000,0.0,0.0
2022-12-07,78.85080806510676,80.14033962074427,77.92570771308155,78.86482238769531,44400,0.0,0.0
2022-12-08,78.99797609068261,80.4557114804872,78.17800193901886,78.5354232788086,69200,0.0,0.0
2022-12-09,78.10792424819994,78.91388418115874,75.54988517615409,75.69705963134766,76000,0.0,0.0
2022-12-12,75.95636000894743,78.36722982342208,75.95636000894743,76.85343170166016,31600,0.0,0.0
2022-12-13,77.44913554526092,79.19421000305312,76.52403525290805,78.70362854003906,76500,0.0,0.0
2022-12-14,78.49338936966383,78.9138886004709,76.3908878686907,76.6431884765625,59000,0.0,0.0
2022-12-15,76.39087880927255,77.53323589776153,74.98921130818498,75.7741470336914,72300,0.0,0.0
2022-12-16,74.46358453338755,75.90029583257127,74.37948256007601,75.48680114746094,59500,0.0,0.0
2022-12-19,75.48679837299272,75.48679837299272,70.50387025984195,72.90773010253906,134700,0.0,0.0
2022-12-20,72.03870402382603,72.53629536002562,70.08337715944504,71.75836944580078,105800,0.0,0.0
2022-12-21,71.42197320693701,73.38430458608826,70.64404728206837,72.6694564819336,75300,0.0,0.0
2022-12-22,71.49206078572098,71.84247770214378,69.80304868203297,70.88934326171875,62400,0.0,0.0
2022-12-23,70.78421470881808,72.10178034483715,70.60900625656853,71.26779174804688,35700,0.0,0.0
2022-12-27,70.6440443054374,71.15564994985957,69.57877400863941,70.03431701660156,93000,0.0,0.0
2022-12-28,69.2213524779433,70.01329809861222,67.06979291324502,67.85472869873047,134700,0.0,0.0
2022-12-29,67.63046302270924,70.60199689568365,67.63046302270924,70.24457550048828,77000,0.0,0.0
2022-12-30,69.3825419157775,70.48986053466797,68.33830111539963,70.48986053466797,118700,0.0,0.0
2023-01-03,71.6252150733054,72.71150964533614,70.10440695001259,71.91255950927734,43200,0.0,0.0
2023-01-04,72.69047573588168,73.18806704532004,71.48504085805938,71.94759368896484,42300,0.0,0.0
2023-01-05,71.33786711286675,72.73252475982257,70.13243222326189,71.84246826171875,73900,0.0,0.0
2023-01-06,73.53147798812196,73.97300668600035,72.18587843073631,72.43817901611328,40100,0.0,0.0
2023-01-09,72.8867171567774,73.58755097559256,70.77720586500118,71.00147247314453,66700,0.0,0.0
2023-01-10,70.51089114277899,71.27479744096786,68.60462229457573,70.13945007324219,95300,0.0,0.0
2023-01-11,71.33786901655364,72.85166715656901,70.09038578023376,72.08776092529297,95800,0.0,0.0
2023-01-12,73.39832620370292,73.58754897699123,70.75617978424401,71.83546447753906,50200,0.0,0.0
2023-01-13,72.1718586979786,73.66463259377993,71.30282103707306,73.20207977294922,50900,0.0,0.0
2023-01-17,73.66463982809087,74.70888067426966,72.942781882513,73.244140625,46100,0.0,0.0
2023-01-18,73.58054136292553,74.0921524048614,71.75136466252762,72.01768493652344,29300,0.0,0.0
2023-01-19,71.82145098725655,72.37510499020026,70.61601598214155,71.45000457763672,29600,0.0,0.0
2023-01-20,72.55731195733735,72.78858836112995,70.91736366921558,71.19769287109375,40000,0.0,0.0
2023-01-23,71.49905301068208,73.51044769085057,71.49204852335026,72.44518280029297,35500,0.0,0.0
2023-01-24,71.55512334307207,72.3260393829276,71.37991490915321,71.38692474365234,29000,0.0,0.0
2023-01-25,71.37992400073782,72.03870950720138,70.59499353884533,71.57615661621094,36200,0.0,0.0
2023-01-26,71.53409690337824,72.03869803246926,70.81924886845724,71.48503875732422,40100,0.0,0.0
2023-01-27,70.85429383228298,72.86568869850382,70.85429383228298,71.93357849121094,41500,0.0,0.0
2023-01-30,70.91736682417066,72.3260387711685,69.03212238013,69.17228698730469,98500,0.0,0.0
2023-01-31,69.86611093673812,70.27259040552609,68.88494272003406,69.47364044189453,35200,0.0,0.0
2023-02-01,69.38253242289657,69.73294925331524,65.39478718171243,65.82229614257812,149700,0.0,0.0
2023-02-02,65.8853838119913,66.63527572742865,64.82712332861949,65.32471466064453,91500,0.0,0.0
2023-02-03,64.28047311353738,65.86435890312575,62.72462131589026,64.35055541992188,90800,0.0,0.0
2023-02-06,64.32953296968756,66.57920875002976,62.731632815196825,66.23580169677734,92400,0.0,0.0
2023-02-07,66.62126240372444,66.62126240372444,65.35275487797105,65.9344482421875,31700,0.0,0.0
2023-02-08,65.87837203872111,66.44604566122638,64.7570391159601,65.07942199707031,79400,0.0,0.0
2023-02-09,65.51394771472694,65.8783789477427,64.68696359490967,65.86436462402344,59300,0.0,0.0
2023-02-10,65.87837762675143,68.25420379638672,65.87837762675143,68.25420379638672,78800,0.0,0.0
2023-02-13,68.22616827851147,68.28223626488722,66.83852037080528,67.6655044555664,49400,0.0,0.0
2023-02-14,67.98086889336102,68.26120344272101,66.64928379410371,67.83369445800781,76400,0.0,0.0
2023-02-15,67.47628234025291,67.63747647868692,65.00934953660018,66.85955047607422,42700,0.0,0.0
2023-02-16,67.2520007958305,68.68170217665032,67.2520007958305,68.45743560791016,38600,0.0,0.0
2023-02-17,68.17010453725567,68.68171558765306,67.28705775806678,68.212158203125,46800,0.0,0.0
2023-02-21,67.56037950621149,68.46445575140731,67.41320504958951,68.01592254638672,69900,0.0,0.0
2023-02-22,70.38473929980266,73.83985017477357,69.52972120158799,70.53191375732422,299100,0.0,0.0
2023-02-23,72.45921084470824,73.44738913320549,70.66507791158962,73.23713684082031,155900,0.0,0.0
2023-02-24,73.31422082411768,77.09171440206381,72.53629491466914,76.29977416992188,290000,0.0,0.0
2023-02-27,78.87183812500636,79.19422103804197,77.09872942984165,77.25991821289062,236500,0.0,0.0
2023-02-28,78.0308282039698,79.61471399733398,77.5402467111716,79.60770416259766,175900,0.0,0.0
2023-03-01,79.74086775853091,82.96470212265183,79.19421825792426,82.0185775756836,274500,0.0,0.0
2023-03-02,82.48813433358346,82.55121215462401,79.67779470628278,79.68479919433594,283100,0.0,0.0
2023-03-03,80.03226866261213,82.31780111299472,79.10569763183594,79.10569763183594,206100,10.5,0.0
2023-03-06,78.76595422463662,78.76595422463662,75.5075245018932,76.02485656738281,103600,0.0,0.0
2023-03-07,75.70056082743034,75.70056082743034,72.1564372933741,72.44213104248047,179900,0.0,0.0
2023-03-08,72.44212263281612,75.55384365956463,71.4846713686527,74.97473907470703,118800,0.0,0.0
2023-03-09,75.56156946695441,76.82787773421161,74.3647509247624,76.06346130371094,112800,0.0,0.0
2023-03-10,75.97853210036843,75.97853210036843,71.5001204010117,72.21048736572266,160300,0.0,0.0
2023-03-13,71.73176408368009,72.42669084437895,68.8285177784033,70.07166290283203,163000,0.0,0.0
2023-03-14,71.50784168482126,72.40352046805974,68.27257519886464,68.7976303100586,146500,0.0,0.0
2023-03-15,67.56221037961919,67.56221037961919,62.62823914431557,64.0489730834961,188200,0.0,0.0
2023-03-16,63.423538634307256,65.32300111463051,62.74405798888528,64.743896484375,89900,0.0,0.0
2023-03-17,64.66668722284169,65.60869841508878,62.68228881773128,63.10696792602539,75800,0.0,0.0
2023-03-20,63.77100011025958,65.02959129769944,63.122405741310985,64.58174896240234,67700,0.0,0.0
2023-03-21,65.23806886711827,68.71269683876744,65.23806886711827,67.94828033447266,74000,0.0,0.0
2023-03-22,68.13358877218744,70.2955817584505,67.60081651567482,67.61625671386719,103400,0.0,0.0
2023-03-23,68.39612426182242,69.54661056723704,66.14147813990893,67.14525604248047,44200,0.0,0.0
2023-03-24,66.97538479696041,68.05638137548623,65.90983430880411,67.1220932006836,52500,0.0,0.0
2023-03-27,68.02549069939877,69.08332396511831,66.61247396052946,67.04487609863281,76000,0.0,0.0
2023-03-28,67.04487423111985,67.85561717193619,66.91361192988627,67.25334930419922,39500,0.0,0.0
2023-03-29,67.94828034151126,70.25697594455595,67.87106756476919,68.97522735595703,71200,0.0,0.0
2023-03-30,69.90951179168361,70.49633946748715,68.72041624193088,68.75902557373047,28900,0.0,0.0
2023-03-31,68.82851369876047,69.6392625200135,68.60459253964338,68.85167694091797,39200,0.0,0.0
2023-04-03,69.64697674997329,70.02532932585352,68.87483729203143,69.5234375,68700,0.0,0.0
2023-04-04,69.87862201289876,69.87862201289876,67.57764380100559,68.74357604980469,38900,0.0,0.0
2023-04-05,68.72041939871652,68.72041939871652,67.1761403111049,67.56221008300781,45400,0.0,0.0
2023-04-06,67.36917510333625,67.36917510333625,65.75540628668656,66.12602996826172,53000,0.0,0.0
2023-04-10,66.40399844313708,68.2957379028669,66.40399844313708,67.68575286865234,39200,0.0,0.0
2023-04-11,68.33433698018392,69.60836816987009,67.27650388019845,69.49254608154297,33000,0.0,0.0
2023-04-12,70.45000604364463,70.48861537487016,69.4925547170115,70.26469421386719,24500,0.0,0.0
2023-04-13,71.60822399385569,71.80125889153557,70.72026228633679,71.0368423461914,53800,0.0,0.0
2023-04-14,71.60049891058829,73.07528230225093,71.46151356401134,72.49617767333984,49800,0.0,0.0
2023-04-17,72.96718759601174,73.5694555034574,72.00201315691106,72.57339477539062,28300,0.0,0.0
2023-04-18,72.58110981058802,73.07527859759635,72.00200521103545,72.89768981933594,33000,0.0,0.0
2023-04-19,72.58111179139267,72.82819619163999,72.025170418097,72.4807357788086,25000,0.0,0.0
2023-04-20,72.21048133621863,72.53478439386177,71.48467423329518,72.11782836914062,30000,0.0,0.0
2023-04-21,71.81669676335352,71.92479582240644,70.48861587675265,70.65076446533203,49400,0.0,0.0
2023-04-24,71.09860916789921,71.31480729323421,70.45000890093712,70.82836151123047,31400,0.0,0.0
2023-04-25,70.84380331728012,71.03683820370323,69.1142123843971,69.40762329101562,32000,0.0,0.0
2023-04-26,69.44622233731569,69.51571205847473,67.75523509763617,68.09497833251953,39700,0.0,0.0
2023-04-27,68.69725326550632,68.93661462891212,68.09498538922271,68.64320373535156,35900,0.0,0.0
2023-04-28,68.47333581359491,69.49255978818331,68.16447881412265,69.26863861083984,21100,0.0,0.0
2023-05-01,69.10648520168031,70.9673442230385,69.04471262789386,70.76658630371094,67800,0.0,0.0
2023-05-02,77.42243245046446,79.61531190271874,75.2990486231299,78.51887512207031,233800,0.0,0.0
2023-05-03,79.83922384071904,80.30250635302592,78.61151899760124,78.70417785644531,109100,0.0,0.0
2023-05-04,79.53036728285589,79.53036728285589,75.47663496989479,75.78549194335938,103800,0.0,0.0
2023-05-05,77.2602765657263,78.91265462617852,76.06346387404828,78.71961975097656,83900,0.0,0.0
2023-05-08,80.10947311603454,80.96654843221516,79.3218934181437,80.27162170410156,167100,0.0,0.0
2023-05-09,80.95883278313809,80.95883278313809,77.5768635853265,77.92432403564453,134700,0.0,0.0
2023-05-10,79.02074964653096,79.29872032389218,76.10206342519464,76.3414306640625,189500,0.0,0.0
2023-05-11,76.43409686292355,76.43409686292355,72.66605775990355,73.88603973388672,471400,0.0,0.0
2023-05-12,73.66072164648928,75.82721345962132,72.43015588341628,72.82012176513672,147600,10.43,0.0
2023-05-15,73.66072040845589,73.66072040845589,71.06093027639274,72.11817932128906,89900,0.0,0.0
2023-05-16,71.2515877822414,71.91886438879614,70.22033550595721,70.4109878540039,89200,0.0,0.0
2023-05-17,70.4629807399282,71.63289166019675,69.74371045088796,71.48556518554688,62600,0.0,0.0
2023-05-18,71.51154359234899,74.24132401645885,70.49762722704178,73.53938293457031,96300,0.0,0.0
2023-05-19,73.67804656779414,74.1373483603446,72.3521547098709,73.0280990600586,64400,0.0,0.0
2023-05-22,73.634723590472,76.08719386935282,73.24475110356266,76.04386138916016,102400,0.0,0.0
2023-05-23,76.26050526131773,76.61581306167513,72.79411865853056,73.82537078857422,79200,0.0,0.0
2023-05-24,73.09742813986098,73.74737564545241,71.84953342501883,72.25682830810547,59300,0.0,0.0
2023-05-25,72.10083955097898,72.2568272144242,70.74895087552557,72.09217834472656,49200,0.0,0.0
2023-05-26,72.75945489624615,73.175424202817,70.76628654203208,70.89627075195312,49400,0.0,0.0
2023-05-30,71.06092818928249,71.68487886050909,69.98635015084115,70.52363586425781,87800,0.0,0.0
2023-05-31,70.80093650505144,71.74553019612465,69.90834310361622,70.78360748291016,35400,0.0,0.0
2023-06-01,71.15625813631775,73.23609161376953,70.3243260676587,73.23609161376953,44000,0.0,0.0
2023-06-02,73.22741400876532,74.52730893199784,71.31223628192897,71.3469009399414,107400,0.0,0.0
2023-06-05,71.92751657826287,72.85477466004848,71.13024930659076,71.3035659790039,41900,0.0,0.0
2023-06-06,71.06093067842372,73.78204383644933,71.06093067842372,73.66072082519531,110100,0.0,0.0
2023-06-07,73.74737917443272,74.88262536774992,72.96744080807959,73.66072082519531,61200,0.0,0.0
2023-06-08,74.04201783570345,74.65730064672525,73.26207955003936,74.2586669921875,85400,0.0,0.0
2023-06-09,73.37474638351691,74.52732166583272,73.22742652049841,73.45274353027344,39700,0.0,0.0
2023-06-12,73.60005261125549,74.52731074795764,73.5480589287737,74.48397827148438,29100,0.0,0.0
2023-06-13,75.13392654440314,75.61055734422472,68.83377183869662,70.19432830810547,193500,0.0,0.0
2023-06-14,70.84427192873068,71.02625642102628,69.42305403609207,70.9395980834961,68700,0.0,0.0
2023-06-15,71.26890862853513,72.69879446315785,71.08692412036248,72.25682830810547,56800,0.0,0.0
2023-06-16,72.68146284943892,72.68146284943892,71.71087222882171,72.57746887207031,34100,0.0,0.0
2023-06-20,72.57746701415601,72.68146098886247,70.41964327895539,71.45955657958984,76300,0.0,0.0
2023-06-21,71.32957642931622,71.75421359748707,70.86161339057857,71.32091522216797,48500,0.0,0.0
2023-06-22,70.93093785707053,71.06959650124354,69.8736888358796,70.10767364501953,40200,0.0,0.0
2023-06-23,69.87368370727008,70.70561567642152,69.68303800293735,70.67961883544922,48100,0.0,0.0
2023-06-26,70.62762653221023,70.88760817022342,69.58771320337291,70.48896789550781,47600,0.0,0.0
2023-06-27,70.08166982081349,70.41097415050797,67.38655385055468,67.54254150390625,128800,0.0,0.0
2023-06-28,67.59455043235164,70.18567301434129,67.59455043235164,68.60846710205078,61900,0.0,0.0
2023-06-29,69.19774029795671,71.06092439402398,69.18041127428505,70.37631225585938,31800,0.0,0.0
2023-06-30,70.36765008438302,70.9569361106175,69.50105337589747,69.91702270507812,33800,0.0,0.0
2023-07-03,71.06091593941817,71.88418000382964,70.1943194035716,71.87551879882812,43200,0.0,0.0
2023-07-05,71.87553289981174,72.59480314085401,71.06092988058795,71.4075698852539,31000,0.0,0.0
2023-07-06,71.10425888049075,71.6935448760992,69.76969922538902,71.43356323242188,26900,0.0,0.0
2023-07-07,70.93093392757643,74.22400381656419,70.93093392757643,72.57746887207031,59400,0.0,0.0
2023-07-10,72.7941142219601,74.26732579371398,72.66412340995656,73.92069244384766,46500,0.0,0.0
2023-07-11,75.29857918809893,75.29857918809893,74.12867508266133,74.62263488769531,56600,0.0,0.0
2023-07-12,74.89127974854556,75.7665442027659,74.29333256518188,74.48397827148438,70700,0.0,0.0
2023-07-13,75.0819301059952,75.98319137792366,73.53072137358437,73.73004150390625,54500,0.0,0.0
2023-07-14,73.66072490227651,74.09402328405461,73.03677417465867,73.45274353027344,40700,0.0,0.0
2023-07-17,73.66071420614462,75.12526463960477,73.48739752324381,74.18933868408203,66500,0.0,0.0
2023-07-18,74.4493185890681,76.19984084745356,74.27599529858946,75.0992660522461,67100,0.0,0.0
2023-07-19,75.89653868402351,77.12710438061369,75.619228011389,76.1218490600586,70100,0.0,0.0
2023-07-20,77.09244146955973,77.32642628054721,76.0525280764833,76.40782928466797,77900,0.0,0.0
2023-07-21,77.09244460695315,78.77364438540019,76.47716171965544,78.16702270507812,104500,0.0,0.0
2023-07-24,79.63156645970793,79.63156645970793,78.08902546467831,78.46166229248047,109700,0.0,0.0
2023-07-25,78.84297149243113,80.20352806107097,78.73030968883403,79.19827270507812,100000,0.0,0.0
2023-07-26,79.58823665815056,80.86213484746072,79.58823665815056,80.40283966064453,110800,0.0,0.0
2023-07-27,81.37342521662035,81.78938789824429,79.55357360839844,79.55357360839844,110100,0.0,0.0
2023-07-28,79.94354553999307,80.27284990566994,78.21901995899852,78.37500762939453,94000,0.0,0.0
2023-07-31,80.01287797078074,81.72007459320506,78.48766586895277,80.7321548461914,146800,0.0,0.0
2023-08-01,75.8532099265925,76.69380980376796,72.79412455950857,74.60530853271484,268300,0.0,0.0
2023-08-02,74.63131679163251,75.41991642041464,72.10951699779409,72.78546142578125,143800,0.0,0.0
2023-08-03,73.66071457033654,74.99527419241555,73.21874843166437,74.66596984863281,71200,0.0,0.0
2023-08-04,75.16859632383832,77.73372177667848,75.16859632383832,77.05777740478516,100100,0.0,0.0
2023-08-07,77.99370726874517,79.24160870075981,77.12711052131466,78.34034729003906,150800,0.0,0.0
2023-08-08,79.25893304636085,79.57090838594237,78.08902882873421,78.73030853271484,111500,0.0,0.0
2023-08-09,78.93828047219026,79.423579060098,78.21901032491847,78.44432067871094,118900,0.0,0.0
2023-08-10,78.59165298636177,79.25892950354609,75.90519805875812,76.19984436035156,183400,0.0,0.0
2023-08-11,76.85462386138252,76.85462386138252,74.91756647227518,74.94485473632812,120400,4.14,0.0
2023-08-14,74.93576232878574,75.00851715993582,71.61639774410105,71.87103271484375,145500,0.0,0.0
2023-08-15,71.70733257433481,72.20751332909082,69.37013756610429,69.78846740722656,124500,0.0,0.0
2023-08-16,69.70662851601148,70.82520455709478,69.60659235776401,70.47962951660156,58400,0.0,0.0
2023-08-17,71.33448393860502,73.63530178242465,71.33448393860502,72.98052215576172,48500,0.0,0.0
2023-08-18,72.57128836698868,74.39920673031313,72.1620476311336,72.70769500732422,37700,0.0,0.0
2023-08-21,72.83500878291979,73.1805907562343,71.66187010616171,72.31664276123047,68600,0.0,0.0
2023-08-22,72.34393844114388,73.33519708280762,71.9437937734644,72.11658477783203,64900,0.0,0.0
2023-08-23,71.84375397827596,72.24389862574724,70.10676874791909,70.19771575927734,60800,0.0,0.0
2023-08-24,70.1158602434008,71.68005437564555,70.1158602434008,70.86157989501953,40200,0.0,0.0
2023-08-25,70.90706157406798,71.47999030742986,69.69753842090972,69.84304809570312,53800,0.0,0.0
2023-08-28,69.84304182357252,70.71607897908186,66.66917997542541,66.95110321044922,137500,0.0,0.0
2023-08-29,67.11479416200133,67.55130924493204,65.66882147137328,66.79649353027344,66700,0.0,0.0
2023-08-30,66.54185477600116,69.27919425989782,66.54185477600116,67.73319244384766,55500,0.0,0.0
2023-08-31,67.66044593834523,69.07913045867376,67.66044593834523,68.0333023071289,43100,0.0,0.0
2023-09-01,68.14243275042355,70.02492059806092,68.14243275042355,69.70662689208984,43700,0.0,0.0
2023-09-05,69.4428933333277,70.93433259173231,69.4428933333277,70.12495422363281,48400,0.0,0.0
2023-09-06,70.45234747865028,70.45234747865028,69.28829794527849,69.36104583740234,18200,0.0,0.0
2023-09-07,69.11550363190878,71.60729747802438,69.01546747948423,71.37994384765625,36600,0.0,0.0
2023-09-08,71.64367443891636,74.07180953072206,71.09802711713607,71.552734375,52200,0.0,0.0
2023-09-11,72.9077686930717,73.86265682295858,72.75316987228102,73.28063201904297,27700,0.0,0.0
2023-09-12,73.53526746972094,74.23551368133705,72.93505048409313,73.24425506591797,23700,0.0,0.0
2023-09-13,74.11728057933372,74.11728057933372,72.92594982340077,73.2260513305664,17700,0.0,0.0
2023-09-14,73.84446251922941,74.92666811017578,73.84446251922941,74.91757202148438,36900,0.0,0.0
2023-09-15,75.13583606854505,75.74514217983275,73.83537292480469,73.83537292480469,33900,0.0,0.0
2023-09-18,74.33553860527522,75.17220521069339,73.07145301693538,73.4625015258789,27800,0.0,0.0
2023-09-19,73.55344829980714,74.57199512119544,73.09874101248279,73.39884948730469,29000,0.0,0.0
2023-09-20,72.96232542708354,74.49923115168521,72.96232542708354,73.50797271728516,15900,0.0,0.0
2023-09-21,73.25334651298292,74.19913156169744,71.19806763857994,71.53455352783203,35700,0.0,0.0
2023-09-22,72.06200621460884,73.57163768154625,71.91650349610005,73.07145690917969,30400,0.0,0.0
2023-09-25,72.75317052165516,74.2537060513209,72.35302586353549,73.98997497558594,19700,0.0,0.0
2023-09-26,73.89903211012027,76.21803516997701,73.89903211012027,75.05398559570312,42300,0.0,0.0
2023-09-27,75.46322657720066,75.46322657720066,73.9354097713382,74.27188873291016,21900,0.0,0.0
2023-09-28,75.61781773932016,76.19984246946584,74.96303818333577,75.66328430175781,27800,0.0,0.0
2023-09-29,76.2362264069604,76.2362264069604,74.80844578452054,75.12673950195312,21400,0.0,0.0
2023-10-02,74.40829818884681,76.31806735581505,74.40829818884681,75.71785736083984,20000,0.0,0.0
2023-10-03,75.39956076068417,76.35444183835925,73.78989318387424,73.8626480102539,35500,0.0,0.0
2023-10-04,73.58073329266387,74.11728453746758,72.43486903685023,72.83500671386719,35100,0.0,0.0
2023-10-05,72.83500469434173,74.76296595117435,72.81681945700612,73.6261978149414,30800,0.0,0.0
2023-10-06,73.95359293253465,74.74478611025683,73.04417835789046,73.26243591308594,45000,0.0,0.0
2023-10-09,72.7622557422086,75.02669589373697,72.7622557422086,74.48104858398438,19400,0.0,0.0
2023-10-10,74.26279318692978,76.70001744481182,74.26279318692978,75.4905014038086,27700,0.0,0.0
2023-10-11,75.49050371108765,76.40900741069423,75.25405398545357,75.3086166381836,24400,0.0,0.0
2023-10-12,75.42684060937061,76.38172166835194,74.75386888595673,75.73603820800781,19400,0.0,0.0
2023-10-13,75.85426673017228,76.95465744192269,75.15401368015165,75.3631820678711,38100,0.0,0.0
2023-10-16,75.4905087958435,76.15437757638246,75.4905087958435,75.7269515991211,22800,0.0,0.0
2023-10-17,75.9088310538692,76.58179585558976,75.84517231503459,75.99977111816406,20800,0.0,0.0
2023-10-18,75.64510391512263,76.70911729268528,75.33589935462159,75.4723129272461,17400,0.0,0.0
2023-10-19,75.77241710388621,76.04524423366888,73.35337810216053,73.8626480102539,44500,0.0,0.0
2023-10-20,73.67166713938828,75.29951985078765,72.8622888273352,73.54434967041016,28200,0.0,0.0
2023-10-23,73.59892087734015,73.91721458680378,73.01689611195448,73.47160339355469,20900,0.0,0.0
2023-10-24,73.47160132544562,74.59927340935285,73.24424769104516,73.7171401977539,21000,0.0,0.0
2023-10-25,73.54434913716172,73.85354672007192,71.94377776096556,73.03507232666016,34500,0.0,0.0
2023-10-26,72.77135213281318,73.81718029457001,71.98016588334255,72.34393310546875,34000,0.0,0.0
2023-10-27,72.46214697897358,72.8440994003146,70.97980385522709,71.152587890625,40100,0.0,0.0
2023-10-30,70.9343280209307,72.41667109589437,70.71607049281594,70.92523193359375,41800,0.0,0.0
2023-10-31,69.20644326811882,72.00744164210795,66.56005063491769,71.68914794921875,119300,0.0,0.0
2023-11-01,72.03473156699837,72.43487622198974,70.87068195787761,71.61640167236328,51600,0.0,0.0
2023-11-02,71.85284091593469,73.48978283766098,71.47997764404539,73.32608795166016,44200,0.0,0.0
2023-11-03,73.21697096926152,74.16276298043704,72.71679016681392,72.91686248779297,32300,0.0,0.0
2023-11-06,73.20787021030768,73.85355369882335,72.17113819344789,72.32573699951172,31300,0.0,0.0
2023-11-07,72.08020181171185,73.3897540935705,71.62549452008307,72.85320281982422,62800,0.0,0.0
2023-11-08,72.75316666246052,73.60801859099487,72.22570453896984,72.58037567138672,41900,0.0,0.0
2023-11-09,71.93468820279985,73.38066091878281,71.40722610825098,71.58001708984375,38300,0.0,0.0
2023-11-10,71.85832828392473,72.4613236826301,70.68944565787466,72.17374420166016,46400,1.55,0.0
2023-11-13,71.13473916463963,71.43159746841494,68.193985486981,68.4073486328125,90400,0.0,0.0
2023-11-14,68.2867531972098,69.9194774263471,67.52605334232658,68.36096954345703,71900,0.0,0.0
2023-11-15,67.87855817286201,69.11237816628076,67.58169991887831,68.95467376708984,49600,0.0,0.0
2023-11-16,69.5762187432401,69.89162753759983,68.0084323493749,69.78958892822266,35100,0.0,0.0
2023-11-17,70.50390257919712,70.50390257919712,68.95467378695031,69.26081085205078,28500,0.0,0.0
2023-11-20,69.49273533528066,69.9565768246546,67.60026120931583,68.2774658203125,67900,0.0,0.0
2023-11-21,67.41472625732422,68.62071706613355,66.73752158715688,67.41472625732422,64000,0.0,0.0
2023-11-22,67.22918194701614,68.14758605063723,64.93780401574926,65.51296997070312,111400,0.0,0.0
2023-11-24,65.56863229730543,66.61691150056545,65.31816101074219,65.31816101074219,29000,0.0,0.0
2023-11-27,65.345992128846,65.98608857961159,63.796756155377416,63.82459259033203,102100,0.0,0.0
2023-11-28,63.77820790316458,64.00084984719088,61.52393787162633,63.462799072265625,142400,0.0,0.0
2023-11-29,63.46279850279969,64.22349829258512,62.618603561216254,64.07506561279297,46100,0.0,0.0
2023-11-30,64.92852628212587,64.92852628212587,63.045331066849414,63.193763732910156,31200,0.0,0.0
2023-12-01,63.314368181736825,64.71517156940723,63.314368181736825,64.4554214477539,37000,0.0,0.0
2023-12-04,64.01012256581653,64.10288944385836,62.87834825179257,63.277252197265625,43700,0.0,0.0
2023-12-05,62.62787726716372,63.6112189188073,62.15475698597369,62.16403579711914,54300,0.0,0.0
2023-12-06,62.154762405046526,63.082445426017365,61.83935357519312,61.97850036621094,36800,0.0,0.0
2023-12-07,61.922837627204075,62.61859984773446,61.47754669189453,61.47754669189453,37300,0.0,0.0
2023-12-08,61.60742989416332,62.61860094172351,61.227076476351876,61.38478088378906,51500,0.0,0.0
2023-12-11,61.50538337706272,61.79296283120509,58.99135985377152,59.993255615234375,123300,0.0,0.0
2023-12-12,59.61291173916526,59.92832056282738,56.58866316841978,57.711158752441406,150800,0.0,0.0
2023-12-13,57.51634272371207,58.453300943255265,56.124818302977104,58.34197998046875,86900,0.0,0.0
2023-12-14,59.14906999963715,64.47397228971461,59.14906999963715,62.535118103027344,88500,0.0,0.0
2023-12-15,62.98967987145676,63.629776356653736,61.922842959248584,62.451622009277344,37200,0.0,0.0
2023-12-18,62.96185251469792,64.0101318359375,61.87645794367553,64.0101318359375,100400,0.0,0.0
2023-12-19,64.19565562636029,68.03626237248479,64.02867241663057,67.90638732910156,67600,0.0,0.0
2023-12-20,68.24036255065982,68.24036255065982,64.93781317408606,65.32743835449219,55000,0.0,0.0
2023-12-21,64.93781051657689,66.3386138394649,64.93781051657689,65.29960632324219,40400,0.0,0.0
2023-12-22,65.21611881842489,66.25511926604621,64.27915699105806,64.68733978271484,34900,0.0,0.0
2023-12-26,64.67805705006285,65.16972788603019,62.98967434736745,63.397850036621094,56300,0.0,0.0
2023-12-27,63.397844202825624,64.27914717959489,62.53510592468119,62.64642333984375,56100,0.0,0.0
2023-12-28,62.5072716935661,64.17710375637115,62.15475473704455,62.52582931518555,40000,0.0,0.0
2023-12-29,62.98967763334637,62.98967763334637,60.07675355561309,60.76323699951172,97000,0.0,0.0
