Date,CUT,ERTH,IBB,WOOD
2020-01-02,28.899999618530273,50.18000030517578,119.88999938964844,66.81999969482422
2020-01-03,28.459999084472656,49.90999984741211,118.36000061035156,66.2699966430664
2020-01-06,28.350000381469727,49.709999084472656,119.12000274658203,66.1500015258789
2020-01-07,28.18000030517578,49.68000030517578,119.1500015258789,66.12000274658203
2020-01-08,28.229999542236328,49.91999816894531,120.22000122070312,66.12000274658203
2020-01-09,28.260000228881836,49.91999816894531,121.04000091552734,66.06999969482422
2020-01-10,28.25,49.77000045776367,120.44999694824219,65.88999938964844
2020-01-13,28.469999313354492,50.560001373291016,119.16000366210938,66.5
2020-01-14,28.350000381469727,50.63999938964844,121.11000061035156,66.22000122070312
2020-01-15,28.270000457763672,50.86000061035156,121.7300033569336,65.77999877929688
2020-01-16,28.479999542236328,51.15999984741211,122.3499984741211,66.18000030517578
2020-01-17,28.540000915527344,51.459999084472656,121.88999938964844,66.44000244140625
2020-01-21,28.149999618530273,51.33000183105469,120.72000122070312,65.75
2020-01-22,28.270000457763672,51.06999969482422,120.45999908447266,66.16000366210938
2020-01-23,28.18000030517578,51.310001373291016,119.5,65.9000015258789
2020-01-24,27.850000381469727,51.2400016784668,116.87999725341797,65.2300033569336
2020-01-27,27.290000915527344,50.119998931884766,116.08999633789062,63.220001220703125
2020-01-28,27.459999084472656,50.54999923706055,117.31999969482422,64.0
2020-01-29,27.6299991607666,50.599998474121094,117.23999786376953,63.66999816894531
2020-01-30,27.540000915527344,50.349998474121094,115.54000091552734,63.689998626708984
2020-01-31,26.860000610351562,49.56999969482422,113.80999755859375,62.45000076293945
2020-02-03,27.0,49.849998474121094,115.81999969482422,62.540000915527344
2020-02-04,27.399999618530273,51.20000076293945,118.55000305175781,63.40999984741211
2020-02-05,28.18000030517578,51.7599983215332,121.55999755859375,65.04000091552734
2020-02-06,28.040000915527344,51.369998931884766,122.47000122070312,64.31999969482422
2020-02-07,27.520000457763672,50.650001525878906,121.52999877929688,63.220001220703125
2020-02-10,27.59000015258789,51.0,122.7300033569336,63.369998931884766
2020-02-11,27.959999084472656,51.7599983215332,122.66999816894531,64.44000244140625
2020-02-12,28.170000076293945,52.22999954223633,122.94000244140625,65.61000061035156
2020-02-13,27.84000015258789,52.029998779296875,121.94999694824219,65.41000366210938
2020-02-14,27.780000686645508,51.880001068115234,122.47000122070312,65.0999984741211
2020-02-18,27.420000076293945,51.5099983215332,122.5199966430664,64.12999725341797
2020-02-19,27.510000228881836,52.220001220703125,123.4800033569336,64.37999725341797
2020-02-20,27.780000686645508,52.90999984741211,123.30999755859375,65.08000183105469
2020-02-21,27.75,52.08000183105469,123.08000183105469,65.08000183105469
2020-02-24,26.600000381469727,50.540000915527344,119.83999633789062,62.25
2020-02-25,25.709999084472656,48.83000183105469,116.80000305175781,60.27000045776367
2020-02-26,25.690000534057617,48.72999954223633,118.36000061035156,60.2599983215332
2020-02-27,24.829999923706055,47.18000030517578,113.43000030517578,57.959999084472656
2020-02-28,24.639999389648438,47.13999938964844,113.87999725341797,57.43000030517578
2020-03-02,25.3700008392334,47.93000030517578,119.41999816894531,58.959999084472656
2020-03-03,25.079999923706055,47.380001068115234,116.2300033569336,58.40999984741211
2020-03-04,25.8700008392334,49.13999938964844,121.68000030517578,60.619998931884766
2020-03-05,24.950000762939453,47.599998474121094,119.55999755859375,58.439998626708984
2020-03-06,24.6299991607666,46.529998779296875,118.02999877929688,57.22999954223633
2020-03-09,22.850000381469727,42.380001068115234,110.0,52.220001220703125
2020-03-10,23.75,43.959999084472656,112.30999755859375,54.400001525878906
2020-03-11,22.09000015258789,41.27000045776367,106.97000122070312,50.31999969482422
2020-03-12,19.59000015258789,37.08000183105469,97.5,43.81999969482422
2020-03-13,21.18000030517578,38.81999969482422,103.68000030517578,49.09000015258789
2020-03-16,18.729999542236328,34.56999969482422,94.38999938964844,42.43000030517578
2020-03-17,19.940000534057617,36.720001220703125,101.30000305175781,45.5
2020-03-18,18.469999313354492,33.52000045776367,98.33000183105469,40.9900016784668
2020-03-19,19.1200008392334,34.369998931884766,101.05999755859375,43.150001525878906
2020-03-20,18.579999923706055,33.83000183105469,98.04000091552734,41.61000061035156
2020-03-23,17.6200008392334,33.4900016784668,97.5,39.880001068115234
2020-03-24,19.25,36.15999984741211,102.62000274658203,43.849998474121094
2020-03-25,19.799999237060547,37.25,102.0,46.040000915527344
2020-03-26,20.899999618530273,39.27000045776367,106.79000091552734,47.5
2020-03-27,20.219999313354492,37.2400016784668,104.70999908447266,46.18000030517578
2020-03-30,20.889999389648438,37.880001068115234,108.83999633789062,47.56999969482422
2020-03-31,20.920000076293945,37.63999938964844,107.73999786376953,48.119998931884766
2020-04-01,20.1200008392334,35.54999923706055,103.79000091552734,45.20000076293945
2020-04-02,20.399999618530273,36.18000030517578,107.69999694824219,46.119998931884766
2020-04-03,19.6299991607666,35.20000076293945,106.25,44.61000061035156
2020-04-06,21.09000015258789,37.880001068115234,111.70999908447266,47.65999984741211
2020-04-07,21.18000030517578,38.70000076293945,109.54000091552734,47.689998626708984
2020-04-08,22.030000686645508,39.58000183105469,112.94000244140625,49.84000015258789
2020-04-09,22.639999389648438,40.52000045776367,113.97000122070312,51.150001525878906
2020-04-13,22.420000076293945,39.599998474121094,114.48999786376953,50.27000045776367
2020-04-14,22.40999984741211,40.66999816894531,118.6500015258789,50.540000915527344
2020-04-15,21.420000076293945,39.040000915527344,115.69000244140625,48.599998474121094
2020-04-16,21.280000686645508,38.790000915527344,119.08000183105469,47.900001525878906
2020-04-17,22.200000762939453,40.310001373291016,124.63999938964844,49.619998931884766
2020-04-20,21.5,40.15999984741211,126.25,48.209999084472656
2020-04-21,21.18000030517578,38.779998779296875,122.41999816894531,47.61000061035156
2020-04-22,21.399999618530273,39.45000076293945,123.58000183105469,48.59000015258789
2020-04-23,21.579999923706055,40.0099983215332,123.19999694824219,48.63999938964844
2020-04-24,21.739999771118164,40.189998626708984,126.18000030517578,49.08000183105469
2020-04-27,22.440000534057617,41.189998626708984,127.52999877929688,50.43000030517578
2020-04-28,23.25,42.310001373291016,124.80999755859375,52.33000183105469
2020-04-29,23.920000076293945,44.060001373291016,125.80000305175781,54.08000183105469
2020-04-30,23.219999313354492,42.88999938964844,124.0,52.619998931884766
2020-05-01,22.450000762939453,41.08000183105469,120.9000015258789,50.13999938964844
2020-05-04,22.459999084472656,40.91999816894531,124.55000305175781,50.4900016784668
2020-05-05,22.1200008392334,41.16999816894531,126.9800033569336,49.83000183105469
2020-05-06,21.969999313354492,41.540000915527344,127.0,49.939998626708984
2020-05-07,22.350000381469727,42.130001068115234,127.16999816894531,50.81999969482422
2020-05-08,23.170000076293945,43.650001525878906,128.41000366210938,53.150001525878906
2020-05-11,22.850000381469727,43.7400016784668,133.89999389648438,52.31999969482422
2020-05-12,22.350000381469727,42.7599983215332,131.0500030517578,50.70000076293945
2020-05-13,21.889999389648438,41.689998626708984,129.60000610351562,49.459999084472656
2020-05-14,21.809999465942383,41.9900016784668,129.02000427246094,49.16999816894531
2020-05-15,21.610000610351562,42.0099983215332,132.25,48.529998779296875
2020-05-18,22.860000610351562,44.65999984741211,133.77999877929688,51.5
2020-05-19,22.56999969482422,44.459999084472656,131.2100067138672,51.08000183105469
2020-05-20,23.030000686645508,45.369998931884766,133.91000366210938,52.16999816894531
2020-05-21,22.920000076293945,45.15999984741211,132.47000122070312,52.09000015258789
2020-05-22,22.940000534057617,45.11000061035156,133.33999633789062,51.869998931884766
2020-05-26,23.799999237060547,46.54999923706055,130.80999755859375,53.59000015258789
2020-05-27,24.420000076293945,47.529998779296875,132.0,54.91999816894531
2020-05-28,24.139999389648438,46.900001525878906,132.3300018310547,54.380001068115234
2020-05-29,24.110000610351562,47.36000061035156,134.74000549316406,54.029998779296875
2020-06-01,24.450000762939453,48.31999969482422,134.11000061035156,54.7599983215332
2020-06-02,24.729999542236328,48.27000045776367,134.42999267578125,55.4900016784668
2020-06-03,25.389999389648438,49.9900016784668,132.64999389648438,56.58000183105469
2020-06-04,25.459999084472656,49.88999938964844,131.44000244140625,57.130001068115234
2020-06-05,25.940000534057617,51.220001220703125,131.35000610351562,58.02000045776367
2020-06-08,26.270000457763672,51.349998474121094,133.10000610351562,59.34000015258789
2020-06-09,25.65999984741211,50.650001525878906,132.91000366210938,58.2599983215332
2020-06-10,25.139999389648438,50.060001373291016,133.33999633789062,57.06999969482422
2020-06-11,23.399999618530273,46.880001068115234,127.41000366210938,53.11000061035156
2020-06-12,24.030000686645508,47.70000076293945,128.0800018310547,54.470001220703125
2020-06-15,24.40999984741211,48.630001068115234,130.5,54.65999984741211
2020-06-16,24.780000686645508,49.029998779296875,132.3300018310547,55.83000183105469
2020-06-17,24.739999771118164,48.540000915527344,132.82000732421875,55.70000076293945
2020-06-18,24.6299991607666,48.790000915527344,133.49000549316406,55.58000183105469
2020-06-19,24.670000076293945,48.58000183105469,137.85000610351562,56.15999984741211
2020-06-22,24.780000686645508,48.91999816894531,138.1300048828125,56.5
2020-06-23,24.770000457763672,49.06999969482422,138.64999389648438,56.599998474121094
2020-06-24,24.1200008392334,47.70000076293945,136.39999389648438,55.290000915527344
2020-06-25,24.06999969482422,48.040000915527344,137.9199981689453,54.630001068115234
2020-06-26,23.81999969482422,47.439998626708984,135.16000366210938,54.09000015258789
2020-06-29,24.219999313354492,48.349998474121094,134.67999267578125,54.970001220703125
2020-06-30,24.540000915527344,49.18000030517578,136.69000244140625,55.459999084472656
2020-07-01,24.479999542236328,48.88999938964844,137.3699951171875,55.31999969482422
2020-07-02,24.540000915527344,49.310001373291016,138.5399932861328,55.59000015258789
2020-07-06,24.850000381469727,50.2400016784668,139.44000244140625,55.93000030517578
2020-07-07,24.489999771118164,49.689998626708984,140.05999755859375,55.119998931884766
2020-07-08,24.610000610351562,50.47999954223633,140.80999755859375,55.689998626708984
2020-07-09,24.15999984741211,50.150001525878906,140.57000732421875,54.97999954223633
2020-07-10,24.6200008392334,50.5099983215332,139.2100067138672,56.459999084472656
2020-07-13,24.540000915527344,50.220001220703125,137.35000610351562,56.029998779296875
2020-07-14,25.09000015258789,51.38999938964844,140.25999450683594,57.59000015258789
2020-07-15,25.5,52.52000045776367,142.6199951171875,58.2400016784668
2020-07-16,25.6299991607666,52.5,141.4499969482422,58.52000045776367
2020-07-17,25.790000915527344,53.029998779296875,143.9600067138672,59.400001525878906
2020-07-20,25.81999969482422,53.79999923706055,145.8000030517578,59.65999984741211
2020-07-21,25.84000015258789,53.66999816894531,142.4600067138672,59.4900016784668
2020-07-22,26.040000915527344,54.290000915527344,142.10000610351562,59.720001220703125
2020-07-23,26.010000228881836,54.18000030517578,139.47000122070312,59.880001068115234
2020-07-24,26.059999465942383,53.4900016784668,136.41000366210938,60.119998931884766
2020-07-27,26.350000381469727,54.529998779296875,140.0500030517578,61.5
2020-07-28,26.06999969482422,53.560001373291016,138.16000366210938,61.08000183105469
2020-07-29,26.40999984741211,54.25,136.6199951171875,62.06999969482422
2020-07-30,25.950000762939453,54.060001373291016,137.02000427246094,61.27000045776367
2020-07-31,25.520000457763672,53.150001525878906,134.3699951171875,59.72999954223633
2020-08-03,25.790000915527344,54.11000061035156,138.57000732421875,60.61000061035156
2020-08-04,25.950000762939453,54.709999084472656,137.67999267578125,60.7599983215332
2020-08-05,26.290000915527344,55.77000045776367,137.27999877929688,61.81999969482422
2020-08-06,26.34000015258789,56.060001373291016,136.75999450683594,61.79999923706055
2020-08-07,26.440000534057617,56.47999954223633,136.22999572753906,62.099998474121094
2020-08-10,26.600000381469727,56.7599983215332,134.8699951171875,62.2400016784668
2020-08-11,26.690000534057617,57.06999969482422,131.8800048828125,62.22999954223633
2020-08-12,26.989999771118164,57.86000061035156,133.80999755859375,63.2599983215332
2020-08-13,26.93000030517578,58.150001525878906,134.0,63.470001220703125
2020-08-14,27.020000457763672,57.869998931884766,133.36000061035156,63.880001068115234
2020-08-17,27.3700008392334,58.369998931884766,135.99000549316406,65.0
2020-08-18,27.229999542236328,58.0099983215332,135.22000122070312,65.04000091552734
2020-08-19,27.190000534057617,57.790000915527344,133.77999877929688,65.19000244140625
2020-08-20,26.989999771118164,57.470001220703125,133.3800048828125,64.98999786376953
2020-08-21,26.889999389648438,57.38999938964844,132.60000610351562,65.11000061035156
2020-08-24,27.360000610351562,58.18000030517578,131.0500030517578,66.06999969482422
2020-08-25,27.309999465942383,58.36000061035156,133.0500030517578,65.7699966430664
2020-08-26,27.530000686645508,58.56999969482422,132.82000732421875,66.33999633789062
2020-08-27,27.549999237060547,58.04999923706055,132.6699981689453,66.25
2020-08-28,27.770000457763672,58.56999969482422,133.0500030517578,66.77999877929688
2020-08-31,27.43000030517578,58.439998626708984,135.60000610351562,65.87000274658203
2020-09-01,27.780000686645508,58.959999084472656,133.02000427246094,66.83000183105469
2020-09-02,28.15999984741211,59.97999954223633,134.97000122070312,67.33000183105469
2020-09-03,27.600000381469727,56.849998474121094,129.91000366210938,65.54000091552734
2020-09-04,27.809999465942383,56.4900016784668,129.27999877929688,65.83999633789062
2020-09-08,27.290000915527344,55.619998931884766,126.87999725341797,64.04000091552734
2020-09-09,27.729999542236328,56.869998931884766,129.36000061035156,65.30000305175781
2020-09-10,27.350000381469727,56.25,127.16999816894531,64.54000091552734
2020-09-11,27.520000457763672,56.650001525878906,127.79000091552734,64.86000061035156
2020-09-14,28.059999465942383,57.47999954223633,134.7100067138672,66.47000122070312
2020-09-15,28.360000610351562,57.88999938964844,136.07000732421875,66.9000015258789
2020-09-16,28.709999084472656,58.0,136.16000366210938,67.11000061035156
2020-09-17,28.940000534057617,57.45000076293945,135.6300048828125,67.56999969482422
2020-09-18,28.65999984741211,57.29999923706055,136.32000732421875,66.80999755859375
2020-09-21,27.799999237060547,55.880001068115234,132.8300018310547,64.48999786376953
2020-09-22,27.639999389648438,56.06999969482422,133.83999633789062,64.31999969482422
2020-09-23,27.15999984741211,55.06999969482422,132.0800018310547,62.959999084472656
2020-09-24,27.079999923706055,55.209999084472656,130.69000244140625,63.119998931884766
2020-09-25,27.559999465942383,56.18000030517578,133.47000122070312,63.68000030517578
2020-09-28,28.059999465942383,57.630001068115234,134.47999572753906,65.01000213623047
2020-09-29,28.020000457763672,58.349998474121094,134.61000061035156,65.0
2020-09-30,28.100000381469727,58.619998931884766,135.41000366210938,64.6500015258789
2020-10-01,28.260000228881836,59.7400016784668,136.6699981689453,65.62999725341797
2020-10-02,28.459999084472656,59.59000015258789,133.8699951171875,65.93000030517578
2020-10-05,28.969999313354492,61.220001220703125,139.57000732421875,67.30999755859375
2020-10-06,28.549999237060547,60.869998931884766,137.8800048828125,66.3499984741211
2020-10-07,29.1299991607666,62.36000061035156,140.99000549316406,67.4800033569336
2020-10-08,29.18000030517578,62.209999084472656,141.3800048828125,67.44999694824219
2020-10-09,29.270000457763672,63.13999938964844,142.52999877929688,67.55000305175781
2020-10-12,29.68000030517578,63.43000030517578,143.64999389648438,68.29000091552734
2020-10-13,29.329999923706055,63.150001525878906,144.33999633789062,67.2300033569336
2020-10-14,29.290000915527344,63.34000015258789,142.4499969482422,67.12000274658203
2020-10-15,29.229999542236328,63.29999923706055,139.2100067138672,66.7699966430664
2020-10-16,29.510000228881836,63.5099983215332,139.7100067138672,67.0199966430664
2020-10-19,29.309999465942383,63.08000183105469,137.42999267578125,66.88999938964844
2020-10-20,29.389999389648438,63.27000045776367,136.52999877929688,67.54000091552734
2020-10-21,29.65999984741211,61.81999969482422,134.19000244140625,67.87999725341797
2020-10-22,29.489999771118164,62.25,136.14999389648438,67.47000122070312
2020-10-23,29.489999771118164,62.41999816894531,136.49000549316406,67.4800033569336
2020-10-26,28.760000228881836,60.93000030517578,135.11000061035156,65.80999755859375
2020-10-27,28.3799991607666,60.2400016784668,135.8699951171875,64.83000183105469
2020-10-28,27.639999389648438,58.36000061035156,132.36000061035156,63.060001373291016
2020-10-29,27.979999542236328,58.95000076293945,133.05999755859375,63.97999954223633
2020-10-30,27.84000015258789,58.439998626708984,130.6199951171875,63.27000045776367
2020-11-02,28.420000076293945,59.56999969482422,130.3800048828125,64.27999877929688
2020-11-03,29.200000762939453,60.65999984741211,132.69000244140625,66.08000183105469
2020-11-04,29.15999984741211,60.13999938964844,140.6999969482422,66.16999816894531
2020-11-05,29.8700008392334,63.18000030517578,140.6300048828125,67.5199966430664
2020-11-06,29.959999084472656,63.66999816894531,137.74000549316406,67.94000244140625
2020-11-09,30.09000015258789,64.01000213623047,137.6300048828125,67.72000122070312
2020-11-10,30.56999969482422,63.90999984741211,137.74000549316406,68.62000274658203
2020-11-11,30.6299991607666,65.08999633789062,139.50999450683594,69.12000274658203
2020-11-12,29.979999542236328,64.18000030517578,139.52999877929688,67.5199966430664
2020-11-13,30.65999984741211,65.30000305175781,141.05999755859375,69.37999725341797
2020-11-16,31.3799991607666,66.18000030517578,141.0800018310547,70.9000015258789
2020-11-17,31.40999984741211,66.41000366210938,140.75999450683594,71.01000213623047
2020-11-18,31.239999771118164,65.6500015258789,137.9199981689453,71.26000213623047
2020-11-19,31.149999618530273,66.56999969482422,138.08999633789062,70.94000244140625
2020-11-20,31.139999389648438,66.81999969482422,138.8699951171875,70.88999938964844
2020-11-23,31.309999465942383,67.41000366210938,139.0800018310547,71.56999969482422
2020-11-24,31.860000610351562,68.05000305175781,138.25,72.7300033569336
2020-11-25,31.530000686645508,68.26000213623047,138.9499969482422,72.38999938964844
2020-11-27,31.860000610351562,69.0199966430664,143.22000122070312,72.76000213623047
2020-11-30,31.34000015258789,68.66999816894531,144.97999572753906,72.08000183105469
2020-12-01,32.220001220703125,68.8499984741211,145.32000732421875,74.13999938964844
2020-12-02,31.969999313354492,68.80000305175781,144.99000549316406,73.41000366210938
2020-12-03,31.93000030517578,68.26000213623047,146.44000244140625,73.61000061035156
2020-12-04,32.349998474121094,69.19999694824219,147.8000030517578,74.58999633789062
2020-12-07,32.41999816894531,69.2300033569336,147.80999755859375,74.55999755859375
2020-12-08,32.86000061035156,70.37999725341797,150.42999267578125,75.58000183105469
2020-12-09,33.02000045776367,69.4000015258789,147.60000610351562,76.58000183105469
2020-12-10,33.0099983215332,69.37000274658203,149.82000732421875,76.80000305175781
2020-12-11,32.970001220703125,69.7300033569336,150.19000244140625,76.91000366210938
2020-12-14,33.029998779296875,70.37999725341797,153.6300048828125,77.12000274658203
2020-12-15,33.709999084472656,71.98999786376953,153.9199981689453,78.8499984741211
2020-12-16,33.83000183105469,72.06999969482422,152.89999389648438,79.36000061035156
2020-12-17,34.08000183105469,72.41999816894531,155.08999633789062,80.20999908447266
2020-12-18,34.130001068115234,73.31999969482422,155.75,79.73999786376953
2020-12-21,33.040000915527344,73.6500015258789,156.3000030517578,78.5199966430664
2020-12-22,33.029998779296875,74.4000015258789,156.60000610351562,78.76000213623047
2020-12-23,33.27000045776367,74.77999877929688,157.30999755859375,79.0
2020-12-24,33.38999938964844,74.69999694824219,156.1199951171875,79.13999938964844
2020-12-28,33.4900016784668,75.08000183105469,153.6699981689453,79.55999755859375
2020-12-29,33.459999084472656,74.66000366210938,151.91000366210938,79.48999786376953
2020-12-30,33.66999816894531,75.0999984741211,152.47999572753906,80.04000091552734
2020-12-31,33.56999969482422,75.12999725341797,151.49000549316406,79.62000274658203
2021-01-04,33.380001068115234,75.2300033569336,150.49000549316406,79.19999694824219
2021-01-05,33.63999938964844,76.6500015258789,150.8000030517578,79.66000366210938
2021-01-06,34.560001373291016,79.94999694824219,152.6300048828125,81.44000244140625
2021-01-07,34.97999954223633,82.77999877929688,157.27000427246094,82.72000122070312
2021-01-08,34.84000015258789,82.33999633789062,158.22999572753906,82.77999877929688
2021-01-11,34.630001068115234,81.73999786376953,157.97000122070312,81.69000244140625
2021-01-12,34.83000183105469,81.98999786376953,158.36000061035156,81.94999694824219
2021-01-13,34.65999984741211,81.20999908447266,158.02999877929688,81.20999908447266
2021-01-14,34.4900016784668,81.9000015258789,161.8699951171875,81.38999938964844
2021-01-15,34.04999923706055,78.9000015258789,161.7100067138672,80.29000091552734
2021-01-19,34.130001068115234,80.66999816894531,164.8300018310547,80.83999633789062
2021-01-20,34.63999938964844,80.76000213623047,165.0,82.06999969482422
2021-01-21,34.86000061035156,81.80999755859375,163.52999877929688,83.19999694824219
2021-01-22,34.61000061035156,81.80000305175781,164.69000244140625,82.7699966430664
2021-01-25,34.31999969482422,80.76000213623047,167.75,82.0
2021-01-26,34.400001525878906,79.80000305175781,164.8300018310547,82.55999755859375
2021-01-27,33.2599983215332,76.54000091552734,159.85000610351562,79.5999984741211
2021-01-28,33.52000045776367,77.80999755859375,160.41000366210938,80.70999908447266
2021-01-29,33.02000045776367,75.80999755859375,160.63999938964844,79.19999694824219
2021-02-01,33.63999938964844,77.47000122070312,162.69000244140625,81.0
2021-02-02,33.95000076293945,78.9800033569336,164.5,81.44999694824219
2021-02-03,34.150001525878906,78.61000061035156,163.8800048828125,82.11000061035156
2021-02-04,34.099998474121094,79.0199966430664,166.1199951171875,82.11000061035156
2021-02-05,34.4900016784668,79.72000122070312,169.0500030517578,83.12000274658203
2021-02-08,34.77000045776367,80.4800033569336,172.60000610351562,84.01000213623047
2021-02-09,34.83000183105469,80.66000366210938,171.66000366210938,83.70999908447266
2021-02-10,35.099998474121094,80.0199966430664,170.25999450683594,84.69999694824219
2021-02-11,35.2400016784668,81.3499984741211,169.72999572753906,85.7699966430664
2021-02-12,35.72999954223633,81.83999633789062,170.72000122070312,86.94000244140625
2021-02-16,35.900001525878906,81.62999725341797,167.00999450683594,87.01000213623047
2021-02-17,35.47999954223633,80.55000305175781,167.52999877929688,85.38999938964844
2021-02-18,35.2599983215332,79.11000061035156,164.6999969482422,84.6500015258789
2021-02-19,35.849998474121094,80.79000091552734,166.30999755859375,86.06999969482422
2021-02-22,35.65999984741211,78.48999786376953,162.13999938964844,86.0
2021-02-23,35.349998474121094,77.86000061035156,159.8699951171875,85.38999938964844
2021-02-24,35.880001068115234,79.27999877929688,161.4199981689453,86.41999816894531
2021-02-25,35.31999969482422,76.30000305175781,157.14999389648438,84.62999725341797
2021-02-26,34.709999084472656,76.12999725341797,156.92999267578125,83.19000244140625
2021-03-01,35.4900016784668,78.5,159.64999389648438,85.16000366210938
2021-03-02,35.40999984741211,77.37000274658203,156.3699951171875,83.83999633789062
2021-03-03,35.70000076293945,75.44999694824219,150.77000427246094,84.80000305175781
2021-03-04,34.9900016784668,72.94000244140625,147.13999938964844,83.4000015258789
2021-03-05,35.59000015258789,72.9800033569336,150.14999389648438,84.55999755859375
2021-03-08,35.939998626708984,72.05000305175781,147.22999572753906,84.79000091552734
2021-03-09,36.349998474121094,74.01000213623047,151.55999755859375,85.83999633789062
2021-03-10,36.369998931884766,74.83999633789062,151.61000061035156,86.0199966430664
2021-03-11,36.470001220703125,76.91000366210938,155.8800048828125,86.68000030517578
2021-03-12,36.47999954223633,76.79000091552734,154.75,86.83000183105469
2021-03-15,36.209999084472656,76.97000122070312,157.05999755859375,86.02999877929688
2021-03-16,36.189998626708984,76.33000183105469,157.08999633789062,86.5199966430664
2021-03-17,36.349998474121094,76.45999908447266,158.19000244140625,86.5999984741211
2021-03-18,36.13999938964844,74.13999938964844,153.27999877929688,85.73999786376953
2021-03-19,36.0099983215332,74.5,155.88999938964844,85.43000030517578
2021-03-22,35.970001220703125,75.44000244140625,157.82000732421875,85.36000061035156
2021-03-23,35.27000045776367,73.41999816894531,151.6199951171875,83.6500015258789
2021-03-24,35.2599983215332,72.12000274658203,147.30999755859375,83.08999633789062
2021-03-25,35.790000915527344,73.04000091552734,148.67999267578125,84.75
2021-03-26,36.40999984741211,73.66999816894531,149.13999938964844,86.27999877929688
2021-03-29,36.25,72.91999816894531,147.25,85.47000122070312
2021-03-30,36.2400016784668,74.08000183105469,146.67999267578125,85.8499984741211
2021-03-31,35.91999816894531,75.52999877929688,150.55999755859375,85.26000213623047
2021-04-01,36.33000183105469,76.08000183105469,151.52000427246094,86.9800033569336
2021-04-05,36.86000061035156,75.88999938964844,152.1699981689453,88.43000030517578
2021-04-06,36.93000030517578,76.26000213623047,151.57000732421875,88.54000091552734
2021-04-07,36.869998931884766,74.55999755859375,148.85000610351562,89.06999969482422
2021-04-08,37.04999923706055,75.16000366210938,149.38999938964844,90.1500015258789
2021-04-09,37.18000030517578,74.88999938964844,148.72999572753906,90.54000091552734
2021-04-12,37.189998626708984,74.01000213623047,146.5,90.4000015258789
2021-04-13,37.099998474121094,74.83000183105469,149.2100067138672,90.41000366210938
2021-04-14,37.15999984741211,74.2699966430664,151.33999633789062,90.62999725341797
2021-04-15,37.84000015258789,73.94000244140625,153.19000244140625,92.05000305175781
2021-04-16,38.47999954223633,75.11000061035156,153.25999450683594,94.02999877929688
2021-04-19,38.40999984741211,74.44000244140625,151.5800018310547,94.0
2021-04-20,37.97999954223633,73.87999725341797,151.5800018310547,92.83000183105469
2021-04-21,38.13999938964844,75.26000213623047,154.57000732421875,92.30000305175781
2021-04-22,37.7400016784668,75.66999816894531,154.66000366210938,91.23999786376953
2021-04-23,38.2599983215332,76.81999969482422,155.30999755859375,92.41999816894531
2021-04-26,38.36000061035156,77.62999725341797,158.2899932861328,93.38999938964844
2021-04-27,38.400001525878906,77.30999755859375,157.8800048828125,93.45999908447266
2021-04-28,38.5099983215332,76.26000213623047,156.77000427246094,93.31999969482422
2021-04-29,38.720001220703125,75.58000183105469,154.91000366210938,93.55000305175781
2021-04-30,38.20000076293945,74.73999786376953,154.63999938964844,91.7699966430664
2021-05-03,38.66999816894531,74.45999908447266,154.66000366210938,93.1500015258789
2021-05-04,38.900001525878906,72.51000213623047,150.27000427246094,93.80000305175781
2021-05-05,39.369998931884766,72.77999877929688,148.92999267578125,94.69999694824219
2021-05-06,39.7400016784668,72.33999633789062,148.39999389648438,95.62999725341797
2021-05-07,40.06999969482422,73.06999969482422,149.7100067138672,96.75
2021-05-10,40.22999954223633,71.48999786376953,147.02999877929688,97.38999938964844
2021-05-11,39.790000915527344,70.97000122070312,147.83999633789062,96.0
2021-05-12,38.79999923706055,69.19000244140625,146.36000061035156,92.80999755859375
2021-05-13,39.310001373291016,69.0,146.1300048828125,93.7699966430664
2021-05-14,39.45000076293945,70.68000030517578,149.67999267578125,94.02999877929688
2021-05-17,39.380001068115234,70.44000244140625,150.0,93.52999877929688
2021-05-18,39.16999816894531,70.93000030517578,150.5399932861328,92.91000366210938
2021-05-19,38.689998626708984,70.9000015258789,149.14999389648438,91.45999908447266
2021-05-20,38.79999923706055,72.0,152.17999267578125,92.05999755859375
2021-05-21,38.540000915527344,72.18000030517578,151.3800048828125,91.56999969482422
2021-05-24,38.66999816894531,72.66000366210938,150.4600067138672,92.22000122070312
2021-05-25,38.58000183105469,72.58999633789062,149.69000244140625,91.70999908447266
2021-05-26,38.45000076293945,73.5,150.58999633789062,91.16999816894531
2021-05-27,38.61000061035156,73.83000183105469,150.77000427246094,91.91000366210938
2021-05-28,38.52000045776367,74.12000274658203,151.9499969482422,91.4800033569336
2021-06-01,38.849998474121094,74.88999938964844,150.89999389648438,92.06999969482422
2021-06-02,38.70000076293945,74.66999816894531,151.0800018310547,91.16999816894531
2021-06-03,38.369998931884766,73.7300033569336,150.8800048828125,89.73999786376953
2021-06-04,38.599998474121094,74.80999755859375,153.02000427246094,90.08999633789062
2021-06-07,38.310001373291016,75.30999755859375,158.27999877929688,89.19999694824219
2021-06-08,38.36000061035156,75.9000015258789,158.0800018310547,88.87999725341797
2021-06-09,38.189998626708984,75.56999969482422,160.50999450683594,89.19999694824219
2021-06-10,38.04999923706055,76.04000091552734,163.1999969482422,87.8499984741211
2021-06-11,38.34000015258789,76.2699966430664,162.11000061035156,88.25
2021-06-14,38.11000061035156,76.7300033569336,161.83999633789062,87.55000305175781
2021-06-15,38.02000045776367,75.69999694824219,159.44000244140625,87.0999984741211
2021-06-16,37.880001068115234,75.73999786376953,158.2899932861328,87.1500015258789
2021-06-17,37.11000061035156,76.66000366210938,159.05999755859375,85.44000244140625
2021-06-18,36.470001220703125,75.62000274658203,158.77000427246094,84.1500015258789
2021-06-21,37.20000076293945,66.37000274658203,160.1999969482422,86.11000061035156
2021-06-22,37.33000183105469,66.29000091552734,160.91000366210938,86.37999725341797
2021-06-23,37.099998474121094,66.70999908447266,160.5,85.68000030517578
2021-06-24,37.310001373291016,67.33000183105469,161.77000427246094,86.69999694824219
2021-06-25,37.43000030517578,67.29000091552734,163.1300048828125,86.38999938964844
2021-06-28,37.290000915527344,68.93000030517578,163.3699951171875,86.12999725341797
2021-06-29,37.349998474121094,69.33999633789062,163.60000610351562,86.22000122070312
2021-06-30,37.5,69.20999908447266,163.64999389648438,86.80999755859375
2021-07-01,37.54999923706055,69.05999755859375,165.11000061035156,87.2699966430664
2021-07-02,37.7400016784668,68.51000213623047,164.74000549316406,87.56999969482422
2021-07-06,37.36000061035156,68.47000122070312,162.86000061035156,86.5199966430664
2021-07-07,37.84000015258789,67.87999725341797,161.42999267578125,88.47000122070312
2021-07-08,37.4900016784668,67.27999877929688,161.75,87.9800033569336
2021-07-09,38.13999938964844,67.75,163.14999389648438,89.70999908447266
2021-07-12,38.220001220703125,68.27999877929688,162.5399932861328,89.44999694824219
2021-07-13,37.7400016784668,67.44000244140625,160.94000244140625,88.23999786376953
2021-07-14,37.7599983215332,65.87999725341797,158.88999938964844,88.58000183105469
2021-07-15,37.459999084472656,65.41999816894531,159.25,87.30000305175781
2021-07-16,36.849998474121094,64.54000091552734,160.67999267578125,85.8499984741211
2021-07-19,36.22999954223633,64.0,161.77999877929688,83.72000122070312
2021-07-20,36.5099983215332,65.5,164.0800018310547,85.2300033569336
2021-07-21,36.90999984741211,67.06999969482422,164.83999633789062,86.41000366210938
2021-07-22,36.939998626708984,67.0999984741211,165.27000427246094,86.61000061035156
2021-07-23,37.27000045776367,66.0,166.72000122070312,87.47000122070312
2021-07-26,37.47999954223633,65.72000122070312,163.57000732421875,87.94999694824219
2021-07-27,37.650001525878906,64.08000183105469,162.25,88.05000305175781
2021-07-28,37.880001068115234,65.69999694824219,166.80999755859375,87.86000061035156
2021-07-29,38.0099983215332,66.30999755859375,165.8000030517578,88.69999694824219
2021-07-30,37.7400016784668,67.04000091552734,165.77999877929688,87.62000274658203
2021-08-02,37.63999938964844,67.05999755859375,165.85000610351562,87.62000274658203
2021-08-03,38.060001373291016,67.41999816894531,169.39999389648438,88.11000061035156
2021-08-04,37.900001525878906,67.75,172.14999389648438,87.83999633789062
2021-08-05,37.93000030517578,67.72000122070312,174.85000610351562,87.61000061035156
2021-08-06,37.720001220703125,66.98999786376953,172.1199951171875,87.27999877929688
2021-08-09,37.900001525878906,67.4800033569336,176.2100067138672,87.2300033569336
2021-08-10,38.33000183105469,67.30999755859375,173.02000427246094,88.30000305175781
2021-08-11,38.72999954223633,67.3499984741211,167.85000610351562,89.37999725341797
2021-08-12,38.54999923706055,66.93000030517578,169.24000549316406,88.80999755859375
2021-08-13,38.68000030517578,66.41000366210938,169.39999389648438,89.38999938964844
2021-08-16,38.619998931884766,65.55999755859375,167.39999389648438,88.45999908447266
2021-08-17,38.09000015258789,64.48999786376953,170.55999755859375,87.18000030517578
2021-08-18,37.86000061035156,64.7300033569336,168.33999633789062,86.68000030517578
2021-08-19,37.63999938964844,63.97999954223633,164.6199951171875,85.56999969482422
2021-08-20,38.11000061035156,64.77999877929688,167.16000366210938,85.97000122070312
2021-08-23,38.220001220703125,65.94999694824219,171.92999267578125,87.25
2021-08-24,38.59000015258789,66.66999816894531,171.4499969482422,88.0199966430664
2021-08-25,38.9900016784668,66.79000091552734,172.60000610351562,88.94999694824219
2021-08-26,38.709999084472656,66.2300033569336,171.41000366210938,87.83999633789062
2021-08-27,39.2400016784668,67.06999969482422,171.80999755859375,89.5199966430664
2021-08-30,39.220001220703125,67.4000015258789,171.99000549316406,89.80000305175781
2021-08-31,39.18000030517578,67.25,172.27999877929688,89.58999633789062
2021-09-01,39.2599983215332,67.62000274658203,174.05999755859375,89.9000015258789
2021-09-02,39.5,68.13999938964844,176.0,90.43000030517578
2021-09-03,39.7599983215332,67.66999816894531,175.80999755859375,92.0199966430664
2021-09-07,39.41999816894531,67.62999725341797,175.44000244140625,91.0
2021-09-08,39.040000915527344,66.48999786376953,173.75999450683594,90.20999908447266
2021-09-09,38.869998931884766,66.0999984741211,173.8800048828125,89.80999755859375
2021-09-10,38.84000015258789,65.54000091552734,173.22999572753906,89.5199966430664
2021-09-13,38.56999969482422,66.05999755859375,170.32000732421875,88.1500015258789
2021-09-14,38.27000045776367,65.7699966430664,169.92999267578125,86.98999786376953
2021-09-15,38.349998474121094,65.54000091552734,171.8000030517578,87.87999725341797
2021-09-16,38.04999923706055,65.02999877929688,172.50999450683594,87.73999786376953
2021-09-17,37.29999923706055,65.37000274658203,173.61000061035156,86.51000213623047
2021-09-20,36.47999954223633,63.20000076293945,169.91000366210938,84.51000213623047
2021-09-21,36.529998779296875,64.16999816894531,171.55999755859375,85.30000305175781
2021-09-22,37.040000915527344,64.68000030517578,171.60000610351562,86.80000305175781
2021-09-23,37.599998474121094,65.31999969482422,173.9199981689453,88.12000274658203
2021-09-24,37.34000015258789,64.4000015258789,170.49000549316406,87.54000091552734
2021-09-27,37.290000915527344,65.13999938964844,167.50999450683594,87.51000213623047
2021-09-28,36.63999938964844,63.529998779296875,162.1300048828125,85.63999938964844
2021-09-29,36.459999084472656,63.290000915527344,161.41000366210938,85.73999786376953
2021-09-30,36.119998931884766,63.31999969482422,161.67999267578125,85.0
2021-10-01,36.220001220703125,63.68000030517578,158.92999267578125,84.97000122070312
2021-10-04,36.220001220703125,62.04999923706055,155.67999267578125,84.75
2021-10-05,36.27000045776367,62.2400016784668,155.7899932861328,84.9000015258789
2021-10-06,36.099998474121094,62.31999969482422,153.9199981689453,84.69999694824219
2021-10-07,36.400001525878906,63.470001220703125,156.22999572753906,85.37000274658203
2021-10-08,36.130001068115234,62.880001068115234,155.0500030517578,84.97000122070312
2021-10-11,36.189998626708984,63.20000076293945,154.50999450683594,85.83999633789062
2021-10-12,36.15999984741211,64.30000305175781,154.69000244140625,86.0999984741211
2021-10-13,36.369998931884766,65.9800033569336,155.58999633789062,87.12999725341797
2021-10-14,36.72999954223633,66.29000091552734,157.8699951171875,87.5
2021-10-15,36.54999923706055,67.02999877929688,157.05999755859375,86.81999969482422
2021-10-18,36.36000061035156,67.33000183105469,155.72000122070312,85.81999969482422
2021-10-19,36.290000915527344,67.95999908447266,157.39999389648438,85.37000274658203
2021-10-20,36.689998626708984,68.43000030517578,157.6999969482422,86.30000305175781
2021-10-21,36.27000045776367,68.6500015258789,158.89999389648438,84.91000366210938
2021-10-22,36.650001525878906,68.56999969482422,158.44000244140625,86.68000030517578
2021-10-25,36.650001525878906,69.94999694824219,160.24000549316406,86.80000305175781
2021-10-26,36.5099983215332,69.30000305175781,160.0399932861328,86.08999633789062
2021-10-27,36.0,70.02999877929688,157.5399932861328,84.3499984741211
2021-10-28,36.47999954223633,71.93000030517578,160.19000244140625,85.36000061035156
2021-10-29,36.130001068115234,72.11000061035156,159.60000610351562,84.22000122070312
2021-11-01,36.36000061035156,73.54000091552734,161.6300048828125,85.41999816894531
2021-11-02,36.040000915527344,72.44000244140625,162.6699981689453,83.95999908447266
2021-11-03,36.790000915527344,72.13999938964844,164.77999877929688,86.4000015258789
2021-11-04,36.54999923706055,72.44000244140625,161.8300018310547,86.33000183105469
2021-11-05,36.709999084472656,71.87999725341797,156.94000244140625,86.4800033569336
2021-11-08,36.79999923706055,72.77999877929688,157.6300048828125,85.95999908447266
2021-11-09,36.88999938964844,71.1500015258789,155.52000427246094,85.94999694824219
2021-11-10,36.63999938964844,70.5199966430664,153.50999450683594,84.98999786376953
2021-11-11,37.08000183105469,72.02999877929688,153.4199981689453,86.05999755859375
2021-11-12,37.279998779296875,72.04000091552734,154.0,86.75
2021-11-15,37.2400016784668,71.2300033569336,153.17999267578125,86.95999908447266
2021-11-16,37.2400016784668,71.79000091552734,154.05999755859375,87.27999877929688
2021-11-17,37.16999816894531,71.69000244140625,154.10000610351562,87.30999755859375
2021-11-18,36.959999084472656,71.06999969482422,153.67999267578125,87.51000213623047
2021-11-19,36.70000076293945,71.77999877929688,154.55999755859375,86.7699966430664
2021-11-22,36.91999816894531,71.41999816894531,153.67999267578125,87.11000061035156
2021-11-23,36.810001373291016,71.16999816894531,153.00999450683594,87.29000091552734
2021-11-24,36.75,71.30999755859375,153.39999389648438,87.06999969482422
2021-11-26,36.279998779296875,69.77999877929688,154.89999389648438,85.72000122070312
2021-11-29,36.290000915527344,70.55000305175781,156.05999755859375,85.73999786376953
2021-11-30,35.560001373291016,69.98999786376953,154.22000122070312,84.56999969482422
2021-12-01,35.619998931884766,68.4800033569336,150.74000549316406,85.18000030517578
2021-12-02,36.45000076293945,68.30999755859375,151.22999572753906,87.01000213623047
2021-12-03,36.130001068115234,66.01000213623047,148.38999938964844,86.4800033569336
2021-12-06,36.59000015258789,66.66000366210938,145.27000427246094,88.08000183105469
2021-12-07,37.189998626708984,68.4800033569336,150.97000122070312,89.29000091552734
2021-12-08,37.22999954223633,68.76000213623047,152.67999267578125,89.41999816894531
2021-12-09,36.91999816894531,67.41000366210938,149.52000427246094,88.91999816894531
2021-12-10,36.9900016784668,67.22000122070312,147.24000549316406,89.19000244140625
2021-12-13,36.68000030517578,66.52999877929688,149.36000061035156,88.52999877929688
2021-12-14,36.22999954223633,65.2699966430664,148.6199951171875,87.08999633789062
2021-12-15,36.58000183105469,65.70999908447266,151.89999389648438,88.0
2021-12-16,36.83000183105469,65.04000091552734,150.38999938964844,88.66999816894531
2021-12-17,36.529998779296875,64.7300033569336,154.4600067138672,88.22000122070312
2021-12-20,35.06999969482422,62.529998779296875,153.00999450683594,85.97000122070312
2021-12-21,35.41999816894531,64.37000274658203,153.9499969482422,86.72000122070312
2021-12-22,35.709999084472656,65.12999725341797,153.75999450683594,87.98999786376953
2021-12-23,35.91999816894531,65.80999755859375,154.69000244140625,88.5
2021-12-27,36.560001373291016,65.8499984741211,153.3699951171875,89.37999725341797
2021-12-28,36.7599983215332,65.48999786376953,152.1999969482422,90.25
2021-12-29,37.06999969482422,65.44999694824219,152.8300018310547,91.73999786376953
2021-12-30,37.02000045776367,66.5999984741211,153.75999450683594,91.63999938964844
2021-12-31,37.099998474121094,66.69999694824219,152.6199951171875,91.98999786376953
2022-01-03,36.900001525878906,67.37999725341797,152.3699951171875,91.43000030517578
2022-01-04,37.2599983215332,66.27999877929688,148.2899932861328,91.5999984741211
2022-01-05,37.13999938964844,64.01000213623047,142.5,90.75
2022-01-06,37.040000915527344,63.58000183105469,142.4199981689453,91.1500015258789
2022-01-07,37.220001220703125,63.060001373291016,140.5500030517578,91.80000305175781
2022-01-10,36.90999984741211,62.75,142.16000366210938,90.66999816894531
2022-01-11,37.150001525878906,63.72999954223633,143.52000427246094,92.33000183105469
2022-01-12,37.619998931884766,64.48999786376953,141.92999267578125,94.0
2022-01-13,37.91999816894531,63.93000030517578,138.0500030517578,94.51000213623047
2022-01-14,37.58000183105469,63.56999969482422,138.9499969482422,93.04000091552734
2022-01-18,36.599998474121094,62.130001068115234,133.4600067138672,90.97000122070312
2022-01-19,36.93000030517578,61.5,131.8300018310547,91.72000122070312
2022-01-20,36.540000915527344,61.5,130.64999389648438,89.88999938964844
2022-01-21,35.81999969482422,59.650001525878906,128.67999267578125,87.55999755859375
2022-01-24,35.7599983215332,58.93000030517578,129.86000061035156,87.5199966430664
2022-01-25,35.5099983215332,58.220001220703125,127.58999633789062,87.55000305175781
2022-01-26,35.38999938964844,58.22999954223633,126.22000122070312,86.80000305175781
2022-01-27,35.38999938964844,56.45000076293945,123.68000030517578,86.69999694824219
2022-01-28,35.790000915527344,56.790000915527344,127.97000122070312,88.04000091552734
2022-01-31,36.529998779296875,59.560001373291016,131.86000061035156,89.5
2022-02-01,36.689998626708984,59.900001525878906,134.25,90.41000366210938
2022-02-02,36.70000076293945,59.560001373291016,132.97999572753906,90.94000244140625
2022-02-03,36.5,58.470001220703125,130.2100067138672,90.7300033569336
2022-02-04,36.16999816894531,59.099998474121094,130.6300048828125,90.2300033569336
2022-02-07,36.060001373291016,58.61000061035156,131.63999938964844,90.48999786376953
2022-02-08,36.540000915527344,59.09000015258789,131.5500030517578,92.08999633789062
2022-02-09,37.13999938964844,60.83000183105469,135.10000610351562,93.97000122070312
2022-02-10,36.72999954223633,59.5099983215332,131.8000030517578,92.33999633789062
2022-02-11,36.41999816894531,58.20000076293945,130.07000732421875,91.58999633789062
2022-02-14,36.09000015258789,57.900001525878906,127.68000030517578,90.93000030517578
2022-02-15,36.77000045776367,60.33000183105469,129.97999572753906,92.66999816894531
2022-02-16,36.90999984741211,60.650001525878906,129.91000366210938,93.13999938964844
2022-02-17,36.61000061035156,60.04999923706055,126.0,91.95999908447266
2022-02-18,36.689998626708984,58.900001525878906,125.04000091552734,91.76000213623047
2022-02-22,36.220001220703125,57.36000061035156,124.16000366210938,89.91999816894531
2022-02-23,35.599998474121094,56.459999084472656,121.5,88.22000122070312
2022-02-24,34.880001068115234,58.04999923706055,124.58999633789062,87.08000183105469
2022-02-25,35.91999816894531,59.45000076293945,126.29000091552734,90.06999969482422
2022-02-28,35.220001220703125,61.349998474121094,126.06999969482422,88.16000366210938
2022-03-01,33.9900016784668,60.689998626708984,125.4000015258789,86.44999694824219
2022-03-02,34.45000076293945,60.4900016784668,126.06999969482422,87.81999969482422
2022-03-03,33.970001220703125,58.88999938964844,124.44000244140625,86.62999725341797
2022-03-04,33.310001373291016,57.790000915527344,122.56999969482422,85.30000305175781
2022-03-07,32.400001525878906,57.310001373291016,120.62000274658203,83.58000183105469
2022-03-08,32.16999816894531,58.83000183105469,120.31999969482422,83.11000061035156
2022-03-09,33.540000915527344,60.34000015258789,124.26000213623047,85.5199966430664
2022-03-10,33.779998779296875,59.22999954223633,123.0,87.76000213623047
2022-03-11,33.77000045776367,58.36000061035156,120.6500015258789,87.7300033569336
2022-03-14,34.459999084472656,56.22999954223633,119.5999984741211,88.4800033569336
2022-03-15,34.380001068115234,57.130001068115234,121.12999725341797,88.45999908447266
2022-03-16,35.40999984741211,60.54999923706055,125.97000122070312,91.33999633789062
2022-03-17,35.720001220703125,60.77000045776367,128.6199951171875,92.19999694824219
2022-03-18,36.04999923706055,62.060001373291016,130.99000549316406,92.98999786376953
2022-03-21,35.619998931884766,60.88999938964844,129.22999572753906,91.31999969482422
2022-03-22,35.72999954223633,61.939998626708984,131.69000244140625,91.4000015258789
2022-03-23,35.25,61.0099983215332,128.3699951171875,90.5999984741211
2022-03-24,35.310001373291016,61.52000045776367,130.02999877929688,90.63999938964844
2022-03-25,35.58000183105469,60.7400016784668,128.16000366210938,90.4000015258789
2022-03-28,35.689998626708984,61.04999923706055,129.07000732421875,90.30000305175781
2022-03-29,36.2599983215332,62.22999954223633,132.7100067138672,91.4000015258789
2022-03-30,35.83000183105469,62.25,130.97000122070312,90.79000091552734
2022-03-31,35.33000183105469,61.439998626708984,130.3000030517578,89.31999969482422
2022-04-01,35.52000045776367,62.36000061035156,133.05999755859375,89.27999877929688
2022-04-04,35.4900016784668,63.470001220703125,134.75999450683594,89.41999816894531
2022-04-05,35.34000015258789,62.54999923706055,132.67999267578125,88.8499984741211
2022-04-06,34.93000030517578,61.2599983215332,132.47999572753906,87.58000183105469
2022-04-07,34.86000061035156,60.59000015258789,133.91000366210938,87.80000305175781
2022-04-08,35.22999954223633,60.16999816894531,133.33999633789062,88.66000366210938
2022-04-11,35.20000076293945,59.189998626708984,130.27000427246094,88.55000305175781
2022-04-12,35.08000183105469,58.75,129.27000427246094,88.4800033569336
2022-04-13,35.52000045776367,59.779998779296875,132.5,90.20999908447266
2022-04-14,35.5099983215332,59.04999923706055,130.86000061035156,90.37999725341797
2022-04-18,35.290000915527344,58.84000015258789,127.0999984741211,89.68000030517578
2022-04-19,35.880001068115234,59.63999938964844,128.32000732421875,91.37999725341797
2022-04-20,36.58000183105469,58.77000045776367,129.0,93.91000366210938
2022-04-21,36.400001525878906,57.209999084472656,125.95999908447266,92.81999969482422
2022-04-22,35.599998474121094,56.61000061035156,123.04000091552734,91.22000122070312
2022-04-25,35.2599983215332,56.22999954223633,124.18000030517578,89.69999694824219
2022-04-26,34.5,54.29999923706055,119.38999938964844,87.86000061035156
2022-04-27,35.09000015258789,55.11000061035156,119.05000305175781,89.27999877929688
2022-04-28,35.310001373291016,55.41999816894531,119.05000305175781,90.30000305175781
2022-04-29,35.22999954223633,54.66999816894531,116.6500015258789,90.08999633789062
2022-05-02,35.189998626708984,54.84000015258789,118.36000061035156,88.91999816894531
2022-05-03,35.630001068115234,55.709999084472656,119.44000244140625,90.51000213623047
2022-05-04,36.599998474121094,57.18000030517578,121.86000061035156,92.77999877929688
2022-05-05,35.70000076293945,54.61000061035156,117.36000061035156,89.91000366210938
2022-05-06,35.25,53.63999938964844,113.16999816894531,88.58999633789062
2022-05-09,34.529998779296875,51.09000015258789,107.27999877929688,86.19999694824219
2022-05-10,34.52000045776367,50.9900016784668,110.13999938964844,85.66000366210938
2022-05-11,33.9900016784668,50.040000915527344,106.45999908447266,84.8499984741211
2022-05-12,33.59000015258789,49.810001373291016,109.44999694824219,83.66999816894531
2022-05-13,34.0,51.93000030517578,113.13999938964844,85.01000213623047
2022-05-16,34.0,51.58000183105469,113.29000091552734,85.19999694824219
2022-05-17,35.22999954223633,53.529998779296875,116.5199966430664,88.19000244140625
2022-05-18,33.779998779296875,52.439998626708984,113.55999755859375,85.2300033569336
2022-05-19,33.869998931884766,53.61000061035156,115.02999877929688,85.5999984741211
2022-05-20,33.75,53.650001525878906,115.61000061035156,85.2300033569336
2022-05-23,34.34000015258789,54.400001525878906,116.44000244140625,86.76000213623047
2022-05-24,34.209999084472656,53.43000030517578,114.58000183105469,86.45999908447266
2022-05-25,34.54999923706055,53.88999938964844,114.7699966430664,87.62000274658203
2022-05-26,35.22999954223633,55.099998474121094,115.80000305175781,88.97000122070312
2022-05-27,35.650001525878906,56.310001373291016,119.5,89.91999816894531
2022-05-31,35.40999984741211,56.31999969482422,116.66999816894531,88.98999786376953
2022-06-01,35.15999984741211,55.779998779296875,115.44000244140625,87.7699966430664
2022-06-02,35.7400016784668,57.52000045776367,116.36000061035156,89.11000061035156
2022-06-03,35.459999084472656,56.65999984741211,116.5,88.73999786376953
2022-06-06,35.720001220703125,57.619998931884766,115.23999786376953,89.02999877929688
2022-06-07,35.900001525878906,58.04999923706055,117.83000183105469,89.54000091552734
2022-06-08,35.15999984741211,57.630001068115234,118.12999725341797,87.63999938964844
2022-06-09,34.20000076293945,56.310001373291016,113.9800033569336,83.54000091552734
2022-06-10,33.33000183105469,55.279998779296875,110.4800033569336,81.30999755859375
2022-06-13,31.93000030517578,52.349998474121094,105.97000122070312,77.62000274658203
2022-06-14,31.719999313354492,52.560001373291016,106.2300033569336,76.61000061035156
2022-06-15,32.130001068115234,53.91999816894531,108.66000366210938,77.98999786376953
2022-06-16,30.979999542236328,51.79999923706055,105.81999969482422,75.19000244140625
2022-06-17,30.989999771118164,53.119998931884766,109.55999755859375,75.01000213623047
2022-06-21,31.360000610351562,54.27000045776367,111.87000274658203,75.86000061035156
2022-06-22,30.959999084472656,54.0,113.25,74.75
2022-06-23,30.639999389648438,54.599998474121094,118.01000213623047,73.5
2022-06-24,31.700000762939453,55.68000030517578,120.04000091552734,75.81999969482422
2022-06-27,31.75,55.540000915527344,120.12000274658203,75.68000030517578
2022-06-28,31.450000762939453,54.619998931884766,117.36000061035156,75.08999633789062
2022-06-29,31.450000762939453,53.56999969482422,117.98999786376953,74.7300033569336
2022-06-30,30.989999771118164,53.689998626708984,117.62999725341797,74.41000366210938
2022-07-01,31.34000015258789,53.83000183105469,120.16999816894531,74.80000305175781
2022-07-05,30.610000610351562,53.54999923706055,122.80999755859375,73.29000091552734
2022-07-06,30.940000534057617,53.06999969482422,122.79000091552734,73.66000366210938
2022-07-07,31.489999771118164,55.029998779296875,125.81999969482422,75.12000274658203
2022-07-08,31.239999771118164,55.310001373291016,126.66000366210938,75.0999984741211
2022-07-11,30.780000686645508,53.650001525878906,124.30999755859375,73.86000061035156
2022-07-12,31.059999465942383,53.279998779296875,123.5,74.30000305175781
2022-07-13,30.719999313354492,53.36000061035156,123.55000305175781,73.62000274658203
2022-07-14,30.360000610351562,53.08000183105469,121.47000122070312,72.37999725341797
2022-07-15,30.809999465942383,52.86000061035156,123.25,73.25
2022-07-18,30.739999771118164,53.65999984741211,120.5199966430664,73.5
2022-07-19,31.809999465942383,54.2599983215332,123.62000274658203,76.91999816894531
2022-07-20,31.8700008392334,54.40999984741211,123.94000244140625,77.80000305175781
2022-07-21,32.279998779296875,54.7599983215332,125.0999984741211,77.9000015258789
2022-07-22,31.6299991607666,54.38999938964844,122.62000274658203,76.47000122070312
2022-07-25,31.8700008392334,54.75,122.62000274658203,76.87999725341797
2022-07-26,31.440000534057617,54.060001373291016,122.87000274658203,75.38999938964844
2022-07-27,32.31999969482422,55.83000183105469,124.0,77.80000305175781
2022-07-28,32.75,57.72999954223633,124.12000274658203,78.47000122070312
2022-07-29,32.939998626708984,58.959999084472656,124.08000183105469,79.20999908447266
2022-08-01,32.9900016784668,58.61000061035156,122.2699966430664,79.38999938964844
2022-08-02,32.4900016784668,58.61000061035156,122.62999725341797,78.0
2022-08-03,32.66999816894531,58.029998779296875,127.33000183105469,78.38999938964844
2022-08-04,32.52000045776367,58.900001525878906,130.17999267578125,77.6500015258789
2022-08-05,32.220001220703125,58.90999984741211,131.44000244140625,77.22000122070312
2022-08-08,32.709999084472656,58.70000076293945,132.02999877929688,78.33999633789062
2022-08-09,32.459999084472656,58.33000183105469,129.91000366210938,77.87999725341797
2022-08-10,33.47999954223633,60.189998626708984,133.0399932861328,80.30000305175781
2022-08-11,33.45000076293945,60.060001373291016,131.2899932861328,80.30999755859375
2022-08-12,34.15999984741211,60.439998626708984,132.52000427246094,81.91000366210938
2022-08-15,33.86000061035156,60.529998779296875,134.82000732421875,81.04000091552734
2022-08-16,34.08000183105469,60.040000915527344,132.99000549316406,81.48999786376953
2022-08-17,33.66999816894531,59.459999084472656,130.39999389648438,80.54000091552734
2022-08-18,33.709999084472656,59.31999969482422,128.9199981689453,80.83000183105469
2022-08-19,33.400001525878906,57.93000030517578,127.6500015258789,80.2300033569336
2022-08-22,32.63999938964844,57.060001373291016,125.61000061035156,78.68000030517578
2022-08-23,32.849998474121094,57.029998779296875,125.37000274658203,79.19000244140625
2022-08-24,32.77000045776367,57.41999816894531,127.06999969482422,79.12999725341797
2022-08-25,33.13999938964844,58.16999816894531,127.44999694824219,80.27999877929688
2022-08-26,32.27000045776367,56.939998626708984,122.94999694824219,78.0999984741211
2022-08-29,31.989999771118164,56.720001220703125,122.0999984741211,77.83999633789062
2022-08-30,31.81999969482422,56.11000061035156,121.13999938964844,76.87999725341797
2022-08-31,31.709999084472656,56.189998626708984,121.45999908447266,76.72000122070312
2022-09-01,31.229999542236328,55.02000045776367,123.22000122070312,75.3499984741211
2022-09-02,31.030000686645508,54.130001068115234,121.19000244140625,74.33999633789062
2022-09-06,30.790000915527344,54.36000061035156,119.54000091552734,73.58000183105469
2022-09-07,31.3700008392334,56.099998474121094,122.88999938964844,74.25
2022-09-08,31.299999237060547,56.29999923706055,126.9800033569336,73.8499984741211
2022-09-09,31.989999771118164,57.09000015258789,128.39999389648438,75.63999938964844
2022-09-12,32.4900016784668,58.099998474121094,128.6300048828125,77.04000091552734
2022-09-13,31.3799991607666,56.810001373291016,122.83999633789062,74.41999816894531
2022-09-14,30.84000015258789,57.040000915527344,123.91999816894531,73.75
2022-09-15,30.770000457763672,55.939998626708984,124.05000305175781,72.66999816894531
2022-09-16,29.84000015258789,55.29999923706055,122.95999908447266,71.33000183105469
2022-09-19,30.34000015258789,55.47999954223633,121.80000305175781,72.56999969482422
2022-09-20,29.3700008392334,54.459999084472656,120.55000305175781,69.58999633789062
2022-09-21,28.93000030517578,53.31999969482422,117.91000366210938,68.5199966430664
2022-09-22,28.670000076293945,52.04999923706055,116.7300033569336,68.16000366210938
2022-09-23,27.760000228881836,50.7400016784668,115.31999969482422,65.77999877929688
2022-09-26,27.229999542236328,50.13999938964844,113.41999816894531,64.33000183105469
2022-09-27,27.309999465942383,50.119998931884766,114.81999969482422,64.37999725341797
2022-09-28,27.8799991607666,50.560001373291016,119.33000183105469,66.12000274658203
2022-09-29,27.309999465942383,48.650001525878906,117.5999984741211,64.69000244140625
2022-09-30,27.549999237060547,48.7400016784668,116.95999908447266,65.43000030517578
2022-10-03,28.200000762939453,49.4900016784668,119.23999786376953,67.47000122070312
2022-10-04,29.170000076293945,51.22999954223633,122.6500015258789,69.47000122070312
2022-10-05,28.790000915527344,49.65999984741211,122.87000274658203,68.6500015258789
2022-10-06,28.389999389648438,48.40999984741211,122.2699966430664,67.51000213623047
2022-10-07,27.799999237060547,47.04999923706055,118.83999633789062,66.3499984741211
2022-10-10,28.09000015258789,46.630001068115234,117.94999694824219,67.5
2022-10-11,28.170000076293945,46.2400016784668,118.16999816894531,67.45999908447266
2022-10-12,27.940000534057617,45.959999084472656,119.02999877929688,67.2699966430664
2022-10-13,28.530000686645508,46.560001373291016,121.41000366210938,68.86000061035156
2022-10-14,28.229999542236328,45.150001525878906,119.58000183105469,67.69000244140625
2022-10-17,29.110000610351562,46.349998474121094,122.48999786376953,69.80999755859375
2022-10-18,29.34000015258789,47.02000045776367,122.70999908447266,70.12999725341797
2022-10-19,28.829999923706055,45.61000061035156,118.52999877929688,68.80999755859375
2022-10-20,28.59000015258789,45.36000061035156,117.58000183105469,68.55000305175781
2022-10-21,29.219999313354492,46.119998931884766,120.9000015258789,69.9800033569336
2022-10-24,29.309999465942383,45.349998474121094,122.18000030517578,69.87999725341797
2022-10-25,29.8700008392334,46.959999084472656,124.62999725341797,71.16999816894531
2022-10-26,29.8799991607666,48.220001220703125,126.5999984741211,71.3499984741211
2022-10-27,29.850000381469727,47.97999954223633,124.87999725341797,71.12999725341797
2022-10-28,29.979999542236328,47.779998779296875,129.67999267578125,71.54000091552734
2022-10-31,29.459999084472656,47.65999984741211,128.58999633789062,70.38999938964844
2022-11-01,29.479999542236328,47.709999084472656,129.75,70.68000030517578
2022-11-02,28.780000686645508,47.08000183105469,127.58000183105469,68.83000183105469
2022-11-03,28.780000686645508,47.33000183105469,128.02000427246094,69.4800033569336
2022-11-04,29.969999313354492,48.189998626708984,128.33999633789062,71.93000030517578
2022-11-07,30.219999313354492,47.869998931884766,129.0800018310547,72.93000030517578
2022-11-08,30.440000534057617,48.79999923706055,130.35000610351562,73.29000091552734
2022-11-09,29.920000076293945,47.279998779296875,129.0500030517578,71.94000244140625
2022-11-10,31.469999313354492,50.86000061035156,133.5800018310547,75.47000122070312
2022-11-11,31.920000076293945,51.77000045776367,134.25,76.8499984741211
2022-11-14,31.600000381469727,50.88999938964844,134.67999267578125,76.08999633789062
2022-11-15,31.59000015258789,51.720001220703125,135.11000061035156,76.36000061035156
2022-11-16,31.579999923706055,50.88999938964844,134.2100067138672,75.88999938964844
2022-11-17,31.31999969482422,50.65999984741211,133.27999877929688,75.12999725341797
2022-11-18,31.479999542236328,50.56999969482422,133.74000549316406,75.43000030517578
2022-11-21,31.43000030517578,49.81999969482422,133.0,75.20999908447266
2022-11-22,31.860000610351562,50.099998474121094,134.0500030517578,76.19000244140625
2022-11-23,32.0099983215332,50.91999816894531,133.5500030517578,76.52999877929688
2022-11-25,31.969999313354492,50.88999938964844,133.82000732421875,76.55000305175781
2022-11-28,31.329999923706055,50.04999923706055,132.88999938964844,74.55999755859375
2022-11-29,31.549999237060547,49.939998626708984,132.27000427246094,75.25
2022-11-30,32.279998779296875,52.189998626708984,136.52999877929688,75.97000122070312
2022-12-01,32.369998931884766,51.59000015258789,137.16000366210938,76.9000015258789
2022-12-02,32.43000030517578,52.650001525878906,138.42999267578125,76.56999969482422
2022-12-05,32.0,51.70000076293945,135.49000549316406,75.55000305175781
2022-12-06,31.809999465942383,50.93000030517578,133.25,74.97000122070312
2022-12-07,32.02000045776367,50.709999084472656,134.1300048828125,75.33999633789062
2022-12-08,32.060001373291016,51.119998931884766,135.88999938964844,75.69000244140625
2022-12-09,32.150001525878906,50.869998931884766,133.00999450683594,76.31999969482422
2022-12-12,32.27000045776367,50.7599983215332,134.05999755859375,76.2300033569336
2022-12-13,32.4900016784668,51.16999816894531,136.0,76.47000122070312
2022-12-14,32.45000076293945,51.41999816894531,136.72999572753906,76.41000366210938
2022-12-15,31.6200008392334,50.560001373291016,134.24000549316406,73.97000122070312
2022-12-16,31.049999237060547,49.650001525878906,133.0,73.08999633789062
2022-12-19,30.09000015258789,49.060001373291016,130.55999755859375,72.66999816894531
2022-12-20,30.149999618530273,48.65999984741211,132.0800018310547,73.02999877929688
2022-12-21,30.450000762939453,49.27000045776367,133.72999572753906,73.31999969482422
2022-12-22,30.190000534057617,48.59000015258789,133.8300018310547,72.62000274658203
2022-12-23,30.3700008392334,48.11000061035156,132.02999877929688,72.83000183105469
2022-12-27,30.43000030517578,47.5,129.27000427246094,72.95999908447266
2022-12-28,30.06999969482422,47.0,128.38999938964844,72.5199966430664
2022-12-29,30.440000534057617,47.95000076293945,131.33999633789062,73.29000091552734
2022-12-30,30.239999771118164,47.779998779296875,131.2899932861328,72.75
2023-01-03,30.299999237060547,47.4900016784668,130.0399932861328,73.0
2023-01-04,30.809999465942383,48.459999084472656,131.7100067138672,74.01000213623047
2023-01-05,30.59000015258789,47.599998474121094,131.82000732421875,73.47000122070312
2023-01-06,31.469999313354492,48.459999084472656,133.13999938964844,75.41999816894531
2023-01-09,31.520000457763672,48.83000183105469,130.27999877929688,75.83000183105469
2023-01-10,31.459999084472656,49.41999816894531,133.22999572753906,75.11000061035156
2023-01-11,31.559999465942383,50.5,133.99000549316406,75.44000244140625
2023-01-12,32.02000045776367,51.400001525878906,135.11000061035156,76.54000091552734
2023-01-13,31.950000762939453,51.439998626708984,136.22999572753906,76.19999694824219
2023-01-17,31.799999237060547,51.41999816894531,136.27999877929688,75.93000030517578
2023-01-18,31.510000228881836,51.130001068115234,135.25999450683594,75.5
2023-01-19,31.280000686645508,49.86000061035156,134.0500030517578,75.16999816894531
2023-01-20,31.780000686645508,50.540000915527344,135.47000122070312,75.81999969482422
2023-01-23,32.0,51.7599983215332,136.7899932861328,76.51000213623047
2023-01-24,31.8700008392334,51.380001068115234,136.77999877929688,76.66000366210938
2023-01-25,31.780000686645508,51.41999816894531,136.7899932861328,76.73999786376953
2023-01-26,32.31999969482422,52.08000183105469,137.16000366210938,78.30999755859375
2023-01-27,32.20000076293945,52.79999923706055,137.22999572753906,77.97000122070312
2023-01-30,31.829999923706055,51.81999969482422,134.8000030517578,76.94000244140625
2023-01-31,32.540000915527344,52.650001525878906,136.5500030517578,78.44000244140625
2023-02-01,32.84000015258789,53.72999954223633,136.7100067138672,79.38999938964844
2023-02-02,33.040000915527344,53.83000183105469,137.1699981689453,79.94999694824219
2023-02-03,32.70000076293945,52.650001525878906,136.58999633789062,78.95999908447266
2023-02-06,32.20000076293945,52.22999954223633,135.61000061035156,77.58000183105469
2023-02-07,32.220001220703125,52.40999984741211,136.32000732421875,78.05000305175781
2023-02-08,31.700000762939453,52.02000045776367,133.3300018310547,76.5999984741211
2023-02-09,31.399999618530273,51.630001068115234,132.39999389648438,76.44999694824219
2023-02-10,31.18000030517578,51.060001373291016,132.36000061035156,75.37999725341797
2023-02-13,31.549999237060547,51.5,134.17999267578125,76.76000213623047
2023-02-14,31.649999618530273,51.650001525878906,133.77000427246094,76.58999633789062
2023-02-15,31.5,52.06999969482422,133.77000427246094,76.02999877929688
2023-02-16,31.219999313354492,51.029998779296875,132.08999633789062,75.29000091552734
2023-02-17,31.1299991607666,50.689998626708984,133.36000061035156,74.91999816894531
2023-02-21,30.270000457763672,49.66999816894531,129.63999938964844,73.52999877929688
2023-02-22,30.350000381469727,49.459999084472656,129.39999389648438,73.44000244140625
2023-02-23,30.3700008392334,49.68000030517578,129.0,73.47000122070312
2023-02-24,30.110000610351562,48.70000076293945,126.41000366210938,72.58999633789062
2023-02-27,30.360000610351562,49.400001525878906,126.87000274658203,73.4000015258789
2023-02-28,30.489999771118164,49.38999938964844,127.18000030517578,73.66000366210938
2023-03-01,30.850000381469727,49.540000915527344,128.05999755859375,74.44999694824219
2023-03-02,30.920000076293945,49.439998626708984,128.36000061035156,74.72000122070312
2023-03-03,31.219999313354492,50.400001525878906,130.52000427246094,75.38999938964844
2023-03-06,30.65999984741211,50.58000183105469,129.3000030517578,74.2699966430664
2023-03-07,30.15999984741211,49.540000915527344,127.25,72.91999816894531
2023-03-08,30.520000457763672,49.540000915527344,126.37999725341797,74.0
2023-03-09,29.920000076293945,48.560001373291016,123.94999694824219,72.91000366210938
2023-03-10,29.450000762939453,47.790000915527344,121.97000122070312,71.83000183105469
2023-03-13,29.260000228881836,47.720001220703125,125.37000274658203,71.2300033569336
2023-03-14,29.510000228881836,48.18000030517578,126.94999694824219,71.20999908447266
2023-03-15,28.81999969482422,46.81999969482422,126.05999755859375,70.01000213623047
2023-03-16,29.010000228881836,46.97999954223633,126.73999786376953,70.5999984741211
2023-03-17,28.489999771118164,45.97999954223633,124.5,69.4800033569336
2023-03-20,28.84000015258789,46.540000915527344,125.8499984741211,70.41999816894531
2023-03-21,29.34000015258789,47.81999969482422,126.0,71.1500015258789
2023-03-22,28.920000076293945,47.0,123.30000305175781,69.93000030517578
2023-03-23,28.850000381469727,47.2400016784668,124.3499984741211,69.6500015258789
2023-03-24,28.93000030517578,46.77000045776367,125.87000274658203,69.83999633789062
2023-03-27,29.06999969482422,46.88999938964844,126.02999877929688,69.80000305175781
2023-03-28,29.1299991607666,46.790000915527344,126.05999755859375,69.94000244140625
2023-03-29,29.3799991607666,47.70000076293945,127.83000183105469,70.47000122070312
2023-03-30,29.65999984741211,48.459999084472656,127.2300033569336,71.08000183105469
2023-03-31,29.850000381469727,49.11000061035156,129.16000366210938,71.58999633789062
2023-04-03,29.950000762939453,48.72999954223633,129.77000427246094,71.91999816894531
2023-04-04,29.68000030517578,48.06999969482422,128.86000061035156,71.5999984741211
2023-04-05,29.6200008392334,47.099998474121094,129.50999450683594,70.80999755859375
2023-04-06,29.81999969482422,47.119998931884766,131.0500030517578,71.08999633789062
2023-04-10,29.899999618530273,47.47999954223633,130.36000061035156,71.33000183105469
2023-04-11,30.200000762939453,47.970001220703125,130.7100067138672,72.70999908447266
2023-04-12,30.0,47.630001068115234,130.55999755859375,72.37000274658203
2023-04-13,30.25,48.18000030517578,133.5800018310547,72.9800033569336
2023-04-14,29.989999771118164,47.93000030517578,132.42999267578125,72.19999694824219
2023-04-17,30.200000762939453,48.810001373291016,133.57000732421875,72.62999725341797
2023-04-18,30.209999084472656,48.849998474121094,132.66000366210938,72.5999984741211
2023-04-19,30.219999313354492,48.08000183105469,133.22000122070312,72.38999938964844
2023-04-20,30.0,47.529998779296875,131.94000244140625,71.75
2023-04-21,29.940000534057617,47.58000183105469,133.4600067138672,71.44000244140625
2023-04-24,29.959999084472656,47.65999984741211,133.0500030517578,71.44000244140625
2023-04-25,29.190000534057617,46.810001373291016,130.5,69.68000030517578
2023-04-26,28.940000534057617,45.47999954223633,128.74000549316406,69.1500015258789
2023-04-27,29.139999389648438,46.540000915527344,129.1999969482422,69.51000213623047
2023-04-28,29.579999923706055,46.58000183105469,130.50999450683594,70.91999816894531
2023-05-01,29.68000030517578,46.20000076293945,131.5399932861328,70.81999969482422
2023-05-02,29.280000686645508,45.2599983215332,129.80999755859375,70.26000213623047
2023-05-03,29.25,45.310001373291016,130.67999267578125,71.0999984741211
2023-05-04,29.18000030517578,45.439998626708984,130.3000030517578,70.7300033569336
2023-05-05,29.809999465942383,46.38999938964844,131.9199981689453,72.31999969482422
2023-05-08,29.959999084472656,46.65999984741211,130.85000610351562,72.69999694824219
2023-05-09,29.719999313354492,46.209999084472656,130.60000610351562,72.27999877929688
2023-05-10,29.809999465942383,46.81999969482422,131.02999877929688,72.2699966430664
2023-05-11,29.780000686645508,46.849998474121094,130.42999267578125,72.29000091552734
2023-05-12,29.56999969482422,47.31999969482422,130.17999267578125,71.79000091552734
2023-05-15,29.709999084472656,47.84000015258789,131.74000549316406,72.52999877929688
2023-05-16,29.350000381469727,47.119998931884766,129.0399932861328,71.80999755859375
2023-05-17,29.40999984741211,47.38999938964844,129.3300018310547,71.98999786376953
2023-05-18,29.520000457763672,47.06999969482422,128.97000122070312,71.91999816894531
2023-05-19,29.6299991607666,47.029998779296875,130.0800018310547,72.33999633789062
2023-05-22,29.510000228881836,47.45000076293945,131.14999389648438,72.11000061035156
2023-05-23,29.610000610351562,47.0,131.11000061035156,72.5199966430664
2023-05-24,29.09000015258789,46.36000061035156,129.27999877929688,71.16000366210938
2023-05-25,28.84000015258789,46.2599983215332,126.83999633789062,70.23999786376953
2023-05-26,29.0,46.63999938964844,127.08999633789062,70.87000274658203
2023-05-30,28.81999969482422,46.77000045776367,126.16999816894531,70.36000061035156
2023-05-31,28.31999969482422,46.65999984741211,126.27999877929688,69.44999694824219
2023-06-01,28.3700008392334,47.27000045776367,126.7699966430664,69.79000091552734
2023-06-02,29.239999771118164,47.880001068115234,128.97999572753906,71.83000183105469
2023-06-05,29.229999542236328,47.70000076293945,129.47000122070312,71.76000213623047
2023-06-06,29.510000228881836,48.279998779296875,129.0800018310547,72.76000213623047
2023-06-07,29.790000915527344,48.029998779296875,128.8300018310547,71.29000091552734
2023-06-08,29.850000381469727,48.27000045776367,129.02999877929688,72.05000305175781
2023-06-09,29.770000457763672,48.189998626708984,128.83999633789062,71.58000183105469
2023-06-12,29.739999771118164,48.689998626708984,129.8699951171875,71.83000183105469
2023-06-13,29.940000534057617,49.349998474121094,131.35000610351562,72.55999755859375
2023-06-14,29.979999542236328,49.18000030517578,130.3000030517578,72.91000366210938
2023-06-15,30.18000030517578,49.849998474121094,131.80999755859375,73.44000244140625
2023-06-16,30.270000457763672,49.63999938964844,131.3000030517578,73.1500015258789
2023-06-20,29.739999771118164,48.650001525878906,130.3800048828125,72.33000183105469
2023-06-21,29.34000015258789,48.209999084472656,129.82000732421875,71.26000213623047
2023-06-22,29.09000015258789,47.90999984741211,129.85000610351562,70.76000213623047
2023-06-23,28.739999771118164,46.90999984741211,128.5,69.87000274658203
2023-06-26,28.959999084472656,47.060001373291016,127.06999969482422,70.23999786376953
2023-06-27,29.110000610351562,47.790000915527344,125.52999877929688,70.5999984741211
2023-06-28,29.1299991607666,48.099998474121094,126.25,71.08000183105469
2023-06-29,29.239999771118164,48.130001068115234,125.94999694824219,70.81999969482422
2023-06-30,29.489999771118164,49.02000045776367,126.95999908447266,71.69000244140625
2023-07-03,29.700000762939453,49.86000061035156,126.80999755859375,72.13999938964844
2023-07-05,29.329999923706055,49.380001068115234,127.02999877929688,71.41999816894531
2023-07-06,29.040000915527344,48.400001525878906,125.44999694824219,70.30000305175781
2023-07-07,29.510000228881836,49.25,124.37999725341797,71.62999725341797
2023-07-10,29.540000915527344,49.77000045776367,126.6500015258789,71.98999786376953
2023-07-11,29.93000030517578,50.349998474121094,126.72000122070312,72.58999633789062
2023-07-12,30.450000762939453,51.2599983215332,127.95999908447266,74.04000091552734
2023-07-13,30.75,51.70000076293945,128.3000030517578,74.81999969482422
2023-07-14,30.6299991607666,51.08000183105469,128.24000549316406,74.22000122070312
2023-07-17,30.579999923706055,51.93000030517578,129.24000549316406,74.1500015258789
2023-07-18,30.799999237060547,51.88999938964844,129.72000122070312,74.76000213623047
2023-07-19,30.770000457763672,52.189998626708984,130.41000366210938,74.44999694824219
2023-07-20,30.639999389648438,51.290000915527344,130.25999450683594,74.23999786376953
2023-07-21,30.329999923706055,51.16999816894531,131.47000122070312,73.0999984741211
2023-07-24,30.610000610351562,51.88999938964844,129.4199981689453,73.83999633789062
2023-07-25,31.25,51.869998931884766,129.11000061035156,75.30000305175781
2023-07-26,31.34000015258789,52.720001220703125,128.83999633789062,75.88999938964844
2023-07-27,31.459999084472656,51.36000061035156,127.91000366210938,75.83999633789062
2023-07-28,31.530000686645508,52.72999954223633,129.86000061035156,75.83999633789062
2023-07-31,31.639999389648438,52.709999084472656,129.30999755859375,76.30999755859375
2023-08-01,31.40999984741211,52.15999984741211,128.0500030517578,75.55999755859375
2023-08-02,30.93000030517578,50.84000015258789,127.36000061035156,74.16000366210938
2023-08-03,30.889999389648438,51.130001068115234,126.88999938964844,74.22000122070312
2023-08-04,31.170000076293945,50.709999084472656,127.3499984741211,74.77999877929688
2023-08-07,31.110000610351562,50.65999984741211,126.55000305175781,75.05000305175781
2023-08-08,30.809999465942383,50.119998931884766,127.33000183105469,74.30000305175781
2023-08-09,30.709999084472656,49.790000915527344,127.75,74.23999786376953
2023-08-10,30.540000915527344,49.650001525878906,128.1699981689453,74.01000213623047
2023-08-11,30.3700008392334,49.060001373291016,128.57000732421875,73.76000213623047
2023-08-14,30.280000686645508,48.90999984741211,128.4199981689453,73.73999786376953
2023-08-15,29.829999923706055,47.900001525878906,128.00999450683594,72.69999694824219
2023-08-16,29.65999984741211,47.40999984741211,126.18000030517578,72.56999969482422
2023-08-17,29.610000610351562,46.93000030517578,125.55999755859375,72.30000305175781
2023-08-18,29.540000915527344,46.529998779296875,125.41000366210938,72.13999938964844
2023-08-21,29.479999542236328,46.709999084472656,127.2300033569336,71.95999908447266
2023-08-22,29.469999313354492,46.56999969482422,127.29000091552734,72.48999786376953
2023-08-23,29.829999923706055,47.08000183105469,128.02999877929688,72.9800033569336
2023-08-24,29.559999465942383,46.52000045776367,126.86000061035156,72.1500015258789
2023-08-25,29.809999465942383,46.97999954223633,127.58000183105469,72.94000244140625
2023-08-28,30.1299991607666,47.459999084472656,128.10000610351562,73.5999984741211
2023-08-29,30.690000534057617,48.810001373291016,129.47000122070312,74.81999969482422
2023-08-30,30.780000686645508,48.65999984741211,129.85000610351562,75.19000244140625
2023-08-31,30.809999465942383,48.459999084472656,128.7100067138672,74.5999984741211
2023-09-01,30.739999771118164,48.5099983215332,130.00999450683594,74.86000061035156
2023-09-05,30.15999984741211,47.970001220703125,128.13999938964844,73.68000030517578
2023-09-06,29.8799991607666,47.459999084472656,127.30999755859375,73.06999969482422
2023-09-07,29.760000228881836,46.880001068115234,126.87999725341797,72.66999816894531
2023-09-08,29.690000534057617,46.540000915527344,126.8499984741211,72.18000030517578
2023-09-11,29.979999542236328,47.16999816894531,127.68000030517578,73.3499984741211
2023-09-12,29.739999771118164,47.13999938964844,127.4800033569336,72.8499984741211
2023-09-13,29.84000015258789,46.70000076293945,127.0999984741211,72.83000183105469
2023-09-14,30.440000534057617,47.59000015258789,127.58000183105469,74.5999984741211
2023-09-15,30.6200008392334,47.16999816894531,126.61000061035156,74.9800033569336
2023-09-18,30.530000686645508,46.52000045776367,125.25,74.93000030517578
2023-09-19,30.530000686645508,46.099998474121094,125.70999908447266,75.19000244140625
2023-09-20,30.350000381469727,46.11000061035156,124.62999725341797,74.62000274658203
2023-09-21,30.100000381469727,45.209999084472656,123.05000305175781,74.2300033569336
2023-09-22,29.940000534057617,44.779998779296875,122.55999755859375,73.56999969482422
2023-09-25,30.06999969482422,44.45000076293945,122.2699966430664,73.94999694824219
2023-09-26,29.809999465942383,43.720001220703125,122.54000091552734,73.5999984741211
2023-09-27,29.670000076293945,43.61000061035156,123.11000061035156,72.91000366210938
2023-09-28,30.0,43.88999938964844,122.83999633789062,73.66000366210938
2023-09-29,30.149999618530273,44.279998779296875,122.29000091552734,74.0199966430664
2023-10-02,29.639999389648438,43.29999923706055,120.63999938964844,72.44000244140625
2023-10-03,29.1299991607666,42.060001373291016,119.31999969482422,71.2699966430664
2023-10-04,29.549999237060547,42.58000183105469,120.18000030517578,72.1500015258789
2023-10-05,29.520000457763672,41.79999923706055,121.77999877929688,72.16999816894531
2023-10-06,29.68000030517578,42.27000045776367,122.4800033569336,73.05000305175781
2023-10-09,29.790000915527344,41.900001525878906,122.04000091552734,73.2300033569336
2023-10-10,30.190000534057617,42.93000030517578,123.02999877929688,74.02999877929688
2023-10-11,30.309999465942383,43.33000183105469,123.62999725341797,74.73999786376953
2023-10-12,29.780000686645508,42.54999923706055,121.13999938964844,73.5
2023-10-13,29.6200008392334,41.97999954223633,121.62999725341797,73.58000183105469
2023-10-16,30.079999923706055,42.209999084472656,122.30000305175781,74.51000213623047
2023-10-17,30.049999237060547,42.41999816894531,122.13999938964844,74.19999694824219
2023-10-18,29.420000076293945,41.11000061035156,119.56999969482422,72.52999877929688
2023-10-19,28.940000534057617,40.16999816894531,117.61000061035156,71.5
2023-10-20,28.459999084472656,39.33000183105469,117.16999816894531,70.12000274658203
2023-10-23,28.149999618530273,39.290000915527344,116.0199966430664,69.31999969482422
2023-10-24,28.56999969482422,40.0099983215332,117.3499984741211,70.20999908447266
2023-10-25,28.399999618530273,39.22999954223633,115.11000061035156,69.58000183105469
2023-10-26,28.549999237060547,39.31999969482422,115.05000305175781,70.1500015258789
2023-10-27,28.59000015258789,38.91999816894531,112.41000366210938,70.04000091552734
2023-10-30,28.899999618530273,39.09000015258789,113.02999877929688,70.51000213623047
2023-10-31,29.020000457763672,39.18000030517578,113.68000030517578,70.73999786376953
2023-11-01,29.040000915527344,39.439998626708984,115.20999908447266,70.98999786376953
2023-11-02,29.68000030517578,40.790000915527344,116.81999969482422,72.93000030517578
2023-11-03,30.31999969482422,42.150001525878906,119.79000091552734,74.62000274658203
2023-11-06,30.270000457763672,41.9900016784668,119.41000366210938,74.97000122070312
2023-11-07,30.09000015258789,41.40999984741211,120.30000305175781,74.16000366210938
2023-11-08,30.059999465942383,41.06999969482422,118.4800033569336,73.76000213623047
2023-11-09,29.90999984741211,40.45000076293945,114.9800033569336,73.47000122070312
2023-11-10,30.079999923706055,40.25,115.52999877929688,74.0
2023-11-13,29.889999389648438,40.4900016784668,115.41999816894531,73.66999816894531
2023-11-14,30.8799991607666,42.72999954223633,117.91000366210938,76.12000274658203
2023-11-15,31.020000457763672,42.9900016784668,118.02999877929688,76.91999816894531
2023-11-16,30.770000457763672,42.310001373291016,117.02999877929688,75.94000244140625
2023-11-17,30.899999618530273,42.72999954223633,118.0999984741211,76.75
2023-11-20,30.790000915527344,43.29999923706055,118.91999816894531,76.41000366210938
2023-11-21,30.6299991607666,42.81999969482422,117.97000122070312,76.04000091552734
2023-11-22,30.68000030517578,42.7599983215332,118.72000122070312,76.13999938964844
2023-11-24,30.760000228881836,42.7400016784668,119.36000061035156,76.2300033569336
2023-11-27,30.75,42.560001373291016,118.56999969482422,76.16000366210938
2023-11-28,30.90999984741211,42.91999816894531,118.20999908447266,76.68000030517578
2023-11-29,31.329999923706055,43.0099983215332,119.33999633789062,77.41999816894531
2023-11-30,31.399999618530273,43.0099983215332,120.93000030517578,76.9000015258789
2023-12-01,31.899999618530273,43.61000061035156,122.5999984741211,78.01000213623047
2023-12-04,31.520000457763672,43.43000030517578,123.38999938964844,77.31999969482422
2023-12-05,31.209999084472656,43.20000076293945,122.9000015258789,76.47000122070312
2023-12-06,31.25,43.27000045776367,123.86000061035156,76.63999938964844
2023-12-07,31.559999465942383,43.52000045776367,124.73999786376953,77.05000305175781
2023-12-08,31.450000762939453,43.33000183105469,123.87999725341797,76.91000366210938
2023-12-11,31.530000686645508,43.34000015258789,124.7699966430664,77.1500015258789
2023-12-12,31.110000610351562,42.720001220703125,126.12999725341797,76.0
2023-12-13,31.780000686645508,43.83000183105469,131.39999389648438,77.80000305175781
2023-12-14,32.40999984741211,46.040000915527344,132.75,79.83999633789062
2023-12-15,32.29999923706055,45.869998931884766,131.77999877929688,79.12000274658203
2023-12-18,31.68000030517578,45.529998779296875,130.8300018310547,79.13999938964844
2023-12-19,32.04999923706055,46.540000915527344,132.9199981689453,81.0
2023-12-20,31.690000534057617,45.279998779296875,128.8800048828125,79.94000244140625
2023-12-21,32.099998474121094,46.310001373291016,130.91000366210938,80.87999725341797
2023-12-22,32.16999816894531,46.27000045776367,133.77000427246094,81.26000213623047
2023-12-26,32.25,46.869998931884766,135.02999877929688,81.66000366210938
2023-12-27,32.33000183105469,47.16999816894531,136.86000061035156,81.94999694824219
2023-12-28,32.220001220703125,47.439998626708984,137.02999877929688,81.66000366210938
2023-12-29,32.060001373291016,47.2400016784668,135.85000610351562,81.30000305175781
